Loan_ID,Gender,Married,Dependents,Education,Self_Employed,ApplicantIncome,CoapplicantIncome,LoanAmount,Loan_Amount_Term,Credit_History,Loan_Status,TotalIncome,ApplicantIncome_Log,CoapplicantIncome_Log,TotalIncome_Log,LoanAmount_Log,Property_Area_Semiurban,Property_Area_Urban
LP001002,1,0,0,0,0,5849,0.0,130.0,360.0,1,1,5849.0,8.674025985443025,0.0,8.674025985443025,4.867534450455582,0,1
LP001003,1,1,1,0,0,4583,1508.0,128.0,360.0,1,0,6091.0,8.430109084509125,7.318539548567902,8.714567550836485,4.852030263919617,0,0
LP001005,1,1,0,0,1,3000,0.0,66.0,360.0,1,1,3000.0,8.006367567650246,0.0,8.006367567650246,4.189654742026425,0,1
LP001006,1,1,0,1,0,2583,2358.0,120.0,360.0,1,1,4941.0,7.8567067930958405,7.765569081097317,8.50532301884575,4.787491742782046,0,1
LP001008,1,0,0,0,0,6000,0.0,141.0,360.0,1,1,6000.0,8.699514748210191,0.0,8.699514748210191,4.948759890378168,0,1
LP001011,1,1,2,0,1,5417,4196.0,267.0,360.0,1,1,9613.0,8.597297435657898,8.341886969516187,9.170871628065816,5.58724865840025,0,1
LP001013,1,1,0,1,0,2333,1516.0,95.0,360.0,1,1,3849.0,7.75491027202143,7.323830566202317,8.255568653283746,4.553876891600541,0,1
LP001014,1,1,3,0,0,3036,2504.0,158.0,360.0,0,0,5540.0,8.01829613851552,7.825644732219989,8.61974977974133,5.062595033026967,1,0
LP001018,1,1,2,0,0,4006,1526.0,168.0,360.0,1,1,5532.0,8.295548516225763,7.330405211844402,8.61830469278465,5.123963979403259,0,1
LP001020,1,1,1,0,0,12841,10968.0,349.0,360.0,1,0,23809.0,9.460398455831275,9.30273722124215,10.077818939438902,5.855071922202427,1,0
LP001024,1,1,2,0,0,3200,700.0,70.0,360.0,1,1,3900.0,8.070906088787819,6.551080335043404,8.268731832117737,4.248495242049359,0,1
LP001027,1,1,2,0,0,2500,1840.0,109.0,360.0,1,1,4340.0,7.824046010856292,7.517520850603031,8.375629627094451,4.6913478822291435,0,1
LP001028,1,1,2,0,0,3073,8106.0,200.0,360.0,1,1,11179.0,8.030409562130485,9.000359807188254,9.321792297270326,5.298317366548036,0,1
LP001029,1,0,0,0,0,1853,2840.0,114.0,360.0,1,0,4693.0,7.52456122628536,7.951559331155252,8.453827315794417,4.736198448394496,0,0
LP001030,1,1,2,0,0,1299,1086.0,17.0,120.0,1,1,2385.0,7.1693500166706,6.990256500493881,7.776954403322442,2.833213344056216,0,1
LP001032,1,0,0,0,0,4950,0.0,125.0,360.0,1,1,4950.0,8.507142855562735,0.0,8.507142855562735,4.8283137373023015,0,1
LP001034,1,0,1,1,0,3596,0.0,100.0,240.0,1,1,3596.0,8.18757739559151,0.0,8.18757739559151,4.605170185988092,0,1
LP001036,0,0,0,0,0,3510,0.0,76.0,360.0,0,0,3510.0,8.163371316459912,0.0,8.163371316459912,4.330733340286331,0,1
LP001038,1,1,0,1,0,4887,0.0,133.0,360.0,1,0,4887.0,8.494333897270154,0.0,8.494333897270154,4.890349128221754,0,0
LP001041,1,1,0,0,0,2600,3500.0,115.0,360.0,1,1,6100.0,7.8632667240095735,8.160518247477505,8.716044050161402,4.74493212836325,0,1
LP001043,1,1,0,1,0,7660,0.0,104.0,360.0,0,0,7660.0,8.943767262734637,0.0,8.943767262734637,4.6443908991413725,0,1
LP001046,1,1,1,0,0,5955,5625.0,315.0,360.0,1,1,11580.0,8.691986481789401,8.63497622707262,9.357034751126987,5.752572638825633,0,1
LP001047,1,1,0,1,0,2600,1911.0,116.0,360.0,0,0,4511.0,7.8632667240095735,7.555381944240273,8.414274137408396,4.7535901911063645,1,0
LP001050,1,1,2,1,0,3365,1917.0,112.0,360.0,0,0,5282.0,8.121183242078828,7.558516743045645,8.572060092857077,4.718498871295094,0,0
LP001052,1,1,1,0,0,3717,2925.0,151.0,360.0,1,0,6642.0,8.220672170297252,7.981049759665957,8.801168401936692,5.017279836814924,1,0
LP001066,1,1,0,0,1,9560,0.0,191.0,360.0,1,1,9560.0,9.165343006045447,0.0,9.165343006045447,5.25227342804663,1,0
LP001068,1,1,0,0,0,2799,2253.0,122.0,360.0,1,1,5052.0,7.937017489515454,7.720017940432244,8.527539483470381,4.804021044733257,1,0
LP001073,1,1,2,1,0,4226,1040.0,110.0,360.0,1,1,5266.0,8.349011198176003,6.946975992135418,8.569026340056254,4.700480365792417,0,1
LP001086,1,0,0,1,0,1442,0.0,35.0,360.0,1,0,1442.0,7.273786317844895,0.0,7.273786317844895,3.5553480614894135,0,1
LP001087,0,0,2,0,0,3750,2083.0,120.0,360.0,1,1,5833.0,8.229511118964457,7.641564441260972,8.671286726753637,4.787491742782046,1,0
LP001091,1,1,1,0,0,4166,3369.0,201.0,360.0,1,0,7535.0,8.334711621820917,8.122371243406553,8.927314111060596,5.303304908059076,0,1
LP001095,1,0,0,0,0,3167,0.0,74.0,360.0,1,0,3167.0,8.06054004653864,0.0,8.06054004653864,4.30406509320417,0,1
LP001097,1,0,1,0,1,4692,0.0,106.0,360.0,1,0,4692.0,8.453614209773367,0.0,8.453614209773367,4.663439094112067,0,0
LP001098,1,1,0,0,0,3500,1667.0,114.0,360.0,1,1,5167.0,8.160518247477505,7.418780882750794,8.550047528287184,4.736198448394496,1,0
LP001100,1,0,3,0,0,12500,3000.0,320.0,360.0,1,0,15500.0,9.433483923290392,8.006367567650246,9.648595302907339,5.768320995793772,0,0
LP001106,1,1,0,0,0,2275,2067.0,130.0,360.0,1,1,4342.0,7.729735331385051,7.633853559681768,8.376090350438238,4.867534450455582,0,1
LP001109,1,1,0,0,0,1828,1330.0,100.0,360.0,0,0,3158.0,7.510977752014095,7.1929342212158,8.057694194815587,4.605170185988092,0,1
LP001112,0,1,0,0,0,3667,1459.0,144.0,360.0,1,1,5126.0,8.207129168071326,7.285506548522785,8.542080906924017,4.969813299576001,1,0
LP001114,1,0,0,0,0,4166,7210.0,184.0,360.0,1,1,11376.0,8.334711621820917,8.883224230278994,9.339261152043022,5.214935757608986,0,1
LP001116,1,0,0,1,0,3748,1668.0,110.0,360.0,1,1,5416.0,8.228977643358313,7.419380582918692,8.59711281459211,4.700480365792417,1,0
LP001119,1,0,0,0,0,3600,0.0,80.0,360.0,1,0,3600.0,8.1886891244442,0.0,8.1886891244442,4.382026634673881,0,1
LP001120,1,0,0,0,0,1800,1213.0,47.0,360.0,1,1,3013.0,7.495541943884256,7.10085190894405,8.0106915391303,3.8501476017100584,0,1
LP001123,1,1,0,0,0,2400,0.0,75.0,360.0,1,1,2400.0,7.783224016336037,0.0,7.783224016336037,4.31748811353631,0,1
LP001131,1,1,0,0,0,3941,2336.0,134.0,360.0,1,1,6277.0,8.279189777195004,7.756195343948118,8.744647438317532,4.897839799950911,1,0
LP001136,1,1,0,1,1,4695,0.0,96.0,360.0,1,1,4695.0,8.454253391642363,0.0,8.454253391642363,4.564348191467836,0,1
LP001137,0,0,0,0,0,3410,0.0,88.0,360.0,1,1,3410.0,8.134467570277563,0.0,8.134467570277563,4.477336814478207,0,1
LP001138,1,1,1,0,0,5649,0.0,44.0,360.0,1,1,5649.0,8.639233817325263,0.0,8.639233817325263,3.784189633918261,0,1
LP001144,1,1,0,0,0,5821,0.0,144.0,360.0,1,1,5821.0,8.669227347271736,0.0,8.669227347271736,4.969813299576001,0,1
LP001146,0,1,0,0,0,2645,3440.0,120.0,360.0,0,0,6085.0,7.8804263442924,8.143226750367445,8.713582005421628,4.787491742782046,0,1
LP001151,0,0,0,0,0,4000,2275.0,144.0,360.0,1,1,6275.0,8.294049640102028,7.729735331385051,8.744328763999984,4.969813299576001,1,0
LP001155,0,1,0,1,0,1928,1644.0,100.0,360.0,1,1,3572.0,7.564238475170491,7.404887575616125,8.18088094199639,4.605170185988092,1,0
LP001157,0,0,0,0,0,3086,0.0,120.0,360.0,1,1,3086.0,8.034631032923107,0.0,8.034631032923107,4.787491742782046,1,0
LP001164,0,0,0,0,0,4230,0.0,112.0,360.0,1,0,4230.0,8.349957272040324,0.0,8.349957272040324,4.718498871295094,1,0
LP001179,1,1,2,0,0,4616,0.0,134.0,360.0,1,0,4616.0,8.437283808187935,0.0,8.437283808187935,4.897839799950911,0,1
LP001186,0,1,1,0,1,11500,0.0,286.0,360.0,0,0,11500.0,9.350102314351341,0.0,9.350102314351341,5.655991810819852,0,1
LP001194,1,1,2,0,0,2708,1167.0,97.0,360.0,1,1,3875.0,7.903965634032166,7.062191632286556,8.262300941787448,4.574710978503383,1,0
LP001195,1,1,0,0,0,2132,1591.0,96.0,360.0,1,1,3723.0,7.664815785285735,7.372118028337787,8.222285073872717,4.564348191467836,1,0
LP001197,1,1,0,0,0,3366,2200.0,135.0,360.0,1,0,5566.0,8.121480374750751,7.696212639346407,8.624431942085836,4.90527477843843,0,0
LP001198,1,1,1,0,0,8080,2250.0,180.0,360.0,1,1,10330.0,8.997147151515142,7.718685495198466,9.242807562113684,5.19295685089021,0,1
LP001199,1,1,2,1,0,3357,2859.0,144.0,360.0,1,1,6216.0,8.118802996980035,7.958227192322312,8.734881892047483,4.969813299576001,0,1
LP001205,1,1,0,0,0,2500,3796.0,120.0,360.0,1,1,6296.0,7.824046010856292,8.241703159729818,8.74766979009724,4.787491742782046,0,1
LP001206,1,1,3,0,0,3029,0.0,99.0,360.0,1,1,3029.0,8.015987811027237,0.0,8.015987811027237,4.59511985013459,0,1
LP001207,1,1,0,1,1,2609,3449.0,165.0,180.0,0,0,6058.0,7.866722285136729,8.145839612936841,8.709134991587183,5.10594547390058,0,0
LP001213,1,1,1,0,0,4945,0.0,130.0,360.0,0,0,4945.0,8.506132244056813,0.0,8.506132244056813,4.867534450455582,0,0
LP001222,0,0,0,0,0,4166,0.0,116.0,360.0,0,0,4166.0,8.334711621820917,0.0,8.334711621820917,4.7535901911063645,1,0
LP001225,1,1,0,0,0,5726,4595.0,258.0,360.0,1,0,10321.0,8.65277248565806,8.432724034789787,9.241935933565934,5.552959584921617,1,0
LP001228,1,0,0,1,0,3200,2254.0,126.0,180.0,0,0,5454.0,8.070906088787819,7.720461694599722,8.604104563405533,4.836281906951478,0,1
LP001233,1,1,1,0,0,10750,0.0,312.0,360.0,1,1,10750.0,9.28266103355581,0.0,9.28266103355581,5.7430031878094825,0,1
LP001238,1,1,3,1,1,7100,0.0,125.0,60.0,1,1,7100.0,8.867850063029406,0.0,8.867850063029406,4.8283137373023015,0,1
LP001241,0,0,0,0,0,4300,0.0,136.0,360.0,0,0,4300.0,8.366370301681654,0.0,8.366370301681654,4.912654885736052,1,0
LP001243,1,1,0,0,0,3208,3066.0,172.0,360.0,1,1,6274.0,8.073402968986406,8.028129059431759,8.744169388750624,5.147494476813453,0,1
LP001245,1,1,2,1,1,1875,1875.0,97.0,360.0,1,1,3750.0,7.536363938404511,7.536363938404511,8.229511118964457,4.574710978503383,1,0
LP001248,1,0,0,0,0,3500,0.0,81.0,300.0,1,1,3500.0,8.160518247477505,0.0,8.160518247477505,4.394449154672439,1,0
LP001250,1,1,3,1,0,4755,0.0,95.0,360.0,0,0,4755.0,8.46695197497949,0.0,8.46695197497949,4.553876891600541,1,0
LP001253,1,1,3,0,1,5266,1774.0,187.0,360.0,1,1,7040.0,8.569026340056254,7.480992162869525,8.859363449152088,5.231108616854587,1,0
LP001255,1,0,0,0,0,3750,0.0,113.0,480.0,1,0,3750.0,8.229511118964457,0.0,8.229511118964457,4.727387818712341,0,1
LP001256,1,0,0,0,0,3750,4750.0,176.0,360.0,1,0,8500.0,8.229511118964457,8.465899897028686,9.047821442478408,5.170483995038151,0,1
LP001259,1,1,1,0,1,1000,3022.0,110.0,360.0,1,0,4022.0,6.907755278982137,8.013674142832684,8.299534570332597,4.700480365792417,0,1
LP001263,1,1,3,0,0,3167,4000.0,180.0,300.0,0,0,7167.0,8.06054004653864,8.294049640102028,8.877242435993919,5.19295685089021,1,0
LP001264,1,1,3,1,1,3333,2166.0,130.0,360.0,1,1,5499.0,8.11162807830774,7.680637427560936,8.612321536507814,4.867534450455582,1,0
LP001265,0,0,0,0,0,3846,0.0,111.0,360.0,1,1,3846.0,8.254788926148725,0.0,8.254788926148725,4.709530201312334,1,0
LP001266,1,1,1,0,1,2395,0.0,157.5,360.0,1,1,2395.0,7.781138509845015,0.0,7.781138509845015,5.059425458265688,1,0
LP001267,0,1,2,0,0,1378,1881.0,167.0,360.0,1,0,3259.0,7.228388451573604,7.53955882930103,8.089175678837561,5.117993812416755,0,1
LP001273,1,1,0,0,0,6000,2250.0,265.0,360.0,1,0,8250.0,8.699514748210191,7.718685495198466,9.017968479328726,5.579729825986222,1,0
LP001275,1,1,1,0,0,3988,0.0,50.0,240.0,1,1,3988.0,8.291045131081729,0.0,8.291045131081729,3.912023005428146,0,1
LP001279,1,0,0,0,0,2366,2531.0,136.0,360.0,1,1,4897.0,7.768956044538332,7.836369760545124,8.496378051702317,4.912654885736052,1,0
LP001280,1,1,2,1,0,3333,2000.0,99.0,360.0,1,1,5333.0,8.11162807830774,7.600902459542082,8.581669210600602,4.59511985013459,1,0
LP001282,1,1,0,0,0,2500,2118.0,104.0,360.0,1,1,4618.0,7.824046010856292,7.658227526161352,8.43771698991444,4.6443908991413725,1,0
LP001289,1,0,0,0,0,8566,0.0,210.0,360.0,1,1,8566.0,9.055556158175316,0.0,9.055556158175316,5.3471075307174685,0,1
LP001310,1,1,0,0,0,5695,4167.0,175.0,360.0,1,1,9862.0,8.647343875881283,8.334951631422454,9.196444266784072,5.1647859739235145,1,0
LP001316,1,1,0,0,0,2958,2900.0,131.0,360.0,1,1,5858.0,7.992268643270745,7.9724660159745655,8.675563527387679,4.875197323201151,1,0
LP001318,1,1,2,0,0,6250,5654.0,188.0,180.0,1,1,11904.0,8.740336742730447,8.640118538253535,9.384629757072872,5.236441962829949,1,0
LP001319,1,1,2,1,0,3273,1820.0,81.0,360.0,1,1,5093.0,8.09346227450118,7.506591780070841,8.535622326884605,4.394449154672439,0,1
LP001322,1,0,0,0,0,4133,0.0,122.0,360.0,1,1,4133.0,8.326758814511733,0.0,8.326758814511733,4.804021044733257,1,0
LP001325,1,0,0,1,0,3620,0.0,25.0,120.0,1,1,3620.0,8.194229304819817,0.0,8.194229304819817,3.2188758248682006,1,0
LP001326,1,0,0,0,0,6782,0.0,130.0,360.0,1,0,6782.0,8.822027322685583,0.0,8.822027322685583,4.867534450455582,0,1
LP001327,0,1,0,0,0,2484,2302.0,137.0,360.0,1,1,4786.0,7.81762544305337,7.741533589281828,8.47345026846832,4.919980925828125,1,0
LP001333,1,1,0,0,0,1977,997.0,50.0,360.0,1,1,2974.0,7.589335823170617,6.904750769961838,7.9976631270201,3.912023005428146,1,0
LP001334,1,1,0,1,0,4188,0.0,115.0,180.0,1,1,4188.0,8.339978571990427,0.0,8.339978571990427,4.74493212836325,1,0
LP001343,1,1,0,0,0,1759,3541.0,131.0,360.0,1,1,5300.0,7.472500744737558,8.172164452111904,8.575462099540212,4.875197323201151,1,0
LP001345,1,1,2,1,0,4288,3263.0,133.0,180.0,1,1,7551.0,8.363575702750637,8.09040229659332,8.929435283803425,4.890349128221754,0,1
LP001349,1,0,0,0,0,4843,3806.0,151.0,360.0,1,1,8649.0,8.48528964240323,8.244334047856094,9.065198986306513,5.017279836814924,1,0
LP001350,1,1,0,0,0,13650,0.0,130.0,360.0,1,1,13650.0,9.521494800613105,0.0,9.521494800613105,4.867534450455582,0,1
LP001356,1,1,0,0,0,4652,3583.0,130.0,360.0,1,1,8235.0,8.445052513638554,8.183955717304954,9.016148642611741,4.867534450455582,1,0
LP001357,1,1,0,0,0,3816,754.0,160.0,360.0,1,1,4570.0,8.246958032568177,6.625392368007956,8.42726848388825,5.075173815233827,0,1
LP001367,1,1,1,0,0,3052,1030.0,100.0,360.0,1,1,4082.0,8.023552392404348,6.937314081223682,8.31434234336979,4.605170185988092,0,1
LP001369,1,1,2,0,0,11417,1126.0,225.0,360.0,1,1,12543.0,9.342858751676328,7.026426808699636,9.436918020024674,5.41610040220442,0,1
LP001370,1,0,0,1,0,7333,0.0,120.0,360.0,1,0,7333.0,8.9001399880938,0.0,8.9001399880938,4.787491742782046,0,0
LP001379,1,1,2,0,0,3800,3600.0,216.0,360.0,0,0,7400.0,8.242756345714477,8.1886891244442,8.909235279192261,5.375278407684165,0,1
LP001384,1,1,3,1,0,2071,754.0,94.0,480.0,1,1,2825.0,7.635786861395585,6.625392368007956,7.946263643580541,4.543294782270004,1,0
LP001385,1,0,0,0,0,5316,0.0,136.0,360.0,1,1,5316.0,8.578476419833136,0.0,8.578476419833136,4.912654885736052,0,1
LP001387,0,1,0,0,0,2929,2333.0,139.0,360.0,1,1,5262.0,7.982416346827733,7.75491027202143,8.568266461600238,4.9344739331306915,1,0
LP001391,1,1,0,1,0,3572,4114.0,152.0,360.0,0,0,7686.0,8.18088094199639,8.322151070212902,8.94715577112479,5.0238805208462765,0,0
LP001392,0,0,1,0,1,7451,0.0,157.5,360.0,1,1,7451.0,8.916103530553727,0.0,8.916103530553727,5.059425458265688,1,0
LP001398,1,0,0,0,0,5050,0.0,118.0,360.0,1,1,5050.0,8.527143522269405,0.0,8.527143522269405,4.770684624465665,1,0
LP001401,1,1,1,0,0,14583,0.0,185.0,180.0,1,1,14583.0,9.587611745713565,0.0,9.587611745713565,5.220355825078324,0,0
LP001404,0,1,0,0,0,3167,2283.0,154.0,360.0,1,1,5450.0,8.06054004653864,7.733245646529795,8.60337088765729,5.0369526024136295,1,0
LP001405,1,1,1,0,0,2214,1398.0,85.0,360.0,1,1,3612.0,7.7025561132685825,7.242797922793756,8.192016914536875,4.442651256490317,0,1
LP001421,1,1,0,0,0,5568,2142.0,175.0,360.0,1,0,7710.0,8.624791202014256,7.669495251007694,8.950273466557375,5.1647859739235145,0,0
LP001422,0,0,0,0,0,10408,0.0,259.0,360.0,1,1,10408.0,9.250330020192342,0.0,9.250330020192342,5.556828061699537,0,1
LP001426,1,1,0,0,0,5667,2667.0,180.0,360.0,1,1,8334.0,8.64241515616962,7.888709524182015,9.0280988119824,5.19295685089021,0,0
LP001430,0,0,0,0,0,4166,0.0,44.0,360.0,1,1,4166.0,8.334711621820917,0.0,8.334711621820917,3.784189633918261,1,0
LP001431,0,0,0,0,0,2137,8980.0,137.0,360.0,0,1,11117.0,7.667158255319148,9.102755161296246,9.316230747233615,4.919980925828125,1,0
LP001432,1,1,2,0,0,2957,0.0,81.0,360.0,1,1,2957.0,7.9919305198524775,0.0,7.9919305198524775,4.394449154672439,1,0
LP001439,1,1,0,1,0,4300,2014.0,194.0,360.0,1,1,6314.0,8.366370301681654,7.607878073278507,8.750524669117937,5.267858159063328,0,0
LP001443,0,0,0,0,0,3692,0.0,93.0,360.0,1,1,3692.0,8.213923595622743,0.0,8.213923595622743,4.532599493153256,0,0
LP001448,1,1,3,0,0,23803,0.0,370.0,360.0,1,1,23803.0,10.077566902136047,0.0,10.077566902136047,5.91350300563827,0,0
LP001449,1,0,0,0,0,3865,1640.0,130.0,360.0,1,1,5505.0,8.259716961021523,7.402451520818244,8.61341204915678,4.867534450455582,0,0
LP001451,1,1,1,0,1,10513,3850.0,160.0,180.0,0,0,14363.0,9.26036786557583,8.25582842728183,9.572410734431823,5.075173815233827,0,1
LP001465,1,1,0,0,0,6080,2569.0,182.0,360.0,1,0,8649.0,8.712759974960212,7.851271997109883,9.065198986306513,5.204006687076795,0,0
LP001469,1,0,0,0,1,20166,0.0,650.0,480.0,1,1,20166.0,9.91175329695316,0.0,9.91175329695316,6.476972362889683,0,1
LP001473,1,0,0,0,0,2014,1929.0,74.0,360.0,1,1,3943.0,7.607878073278507,7.564757012905729,8.279697133877628,4.30406509320417,0,1
LP001478,1,0,0,0,0,2718,0.0,70.0,360.0,1,1,2718.0,7.907651594711089,0.0,7.907651594711089,4.248495242049359,1,0
LP001482,1,1,0,0,1,3459,0.0,25.0,120.0,1,1,3459.0,8.148734808937169,0.0,8.148734808937169,3.2188758248682006,1,0
LP001487,1,0,0,0,0,4895,0.0,102.0,360.0,1,1,4895.0,8.49596955496461,0.0,8.49596955496461,4.624972813284271,1,0
LP001488,1,1,3,0,0,4000,7750.0,290.0,360.0,1,0,11750.0,8.294049640102028,8.955448122347393,9.371608519572305,5.66988092298052,1,0
LP001489,0,1,0,0,0,4583,0.0,84.0,360.0,1,0,4583.0,8.430109084509125,0.0,8.430109084509125,4.430816798843313,0,0
LP001491,1,1,2,0,1,3316,3500.0,88.0,360.0,1,1,6816.0,8.106514516255185,8.160518247477505,8.827028068509152,4.477336814478207,0,1
LP001492,1,0,0,0,0,14999,0.0,242.0,360.0,0,0,14999.0,9.61573881119536,0.0,9.61573881119536,5.488937726156687,1,0
LP001493,1,1,2,1,0,4200,1430.0,129.0,360.0,1,0,5630.0,8.34283980427146,7.265429723253953,8.635864721133736,4.859812404361672,0,0
LP001497,1,1,2,0,0,5042,2083.0,185.0,360.0,1,0,7125.0,8.525558107747866,7.641564441260972,8.871365005136852,5.220355825078324,0,0
LP001498,1,0,0,0,0,5417,0.0,168.0,360.0,1,1,5417.0,8.597297435657898,0.0,8.597297435657898,5.123963979403259,0,1
LP001504,1,0,0,0,1,6950,0.0,175.0,180.0,1,1,6950.0,8.846496938558838,0.0,8.846496938558838,5.1647859739235145,1,0
LP001507,1,1,0,0,0,2698,2034.0,122.0,360.0,1,1,4732.0,7.900266036767701,7.617759576608505,8.462103225098277,4.804021044733257,1,0
LP001508,1,1,2,0,0,11757,0.0,187.0,180.0,1,1,11757.0,9.372204086867741,0.0,9.372204086867741,5.231108616854587,0,1
LP001514,0,1,0,0,0,2330,4486.0,100.0,360.0,1,1,6816.0,7.753623546559746,8.408716715080153,8.827028068509152,4.605170185988092,1,0
LP001516,0,1,2,0,0,14866,0.0,70.0,360.0,1,1,14866.0,9.60683200528524,0.0,9.60683200528524,4.248495242049359,0,1
LP001518,1,1,1,0,0,1538,1425.0,30.0,360.0,1,1,2963.0,7.338238150065589,7.261927092702751,7.993957547573565,3.4011973816621555,0,1
LP001519,0,0,0,0,0,10000,1666.0,225.0,360.0,1,0,11666.0,9.210340371976184,7.418180822726788,9.364433907313582,5.41610040220442,0,0
LP001520,1,1,0,0,0,4860,830.0,125.0,360.0,1,1,5690.0,8.48879371689454,6.721425700790643,8.646465527120377,4.8283137373023015,1,0
LP001528,1,0,0,0,0,6277,0.0,118.0,360.0,0,0,6277.0,8.744647438317532,0.0,8.744647438317532,4.770684624465665,0,0
LP001529,1,1,0,0,1,2577,3750.0,152.0,360.0,1,1,6327.0,7.854381210652365,8.229511118964457,8.752581469146884,5.0238805208462765,0,0
LP001531,1,0,0,0,0,9166,0.0,244.0,360.0,1,0,9166.0,9.123256265069069,0.0,9.123256265069069,5.497168225293202,0,1
LP001532,1,1,2,1,0,2281,0.0,113.0,360.0,1,0,2281.0,7.732369222284388,0.0,7.732369222284388,4.727387818712341,0,0
LP001535,1,0,0,0,0,3254,0.0,50.0,360.0,1,1,3254.0,8.087640287778983,0.0,8.087640287778983,3.912023005428146,0,1
LP001536,1,1,3,0,0,39999,0.0,600.0,180.0,0,1,39999.0,10.596609732783568,0.0,10.596609732783568,6.396929655216146,1,0
LP001541,1,1,1,0,0,6000,0.0,160.0,360.0,1,1,6000.0,8.699514748210191,0.0,8.699514748210191,5.075173815233827,0,0
LP001543,1,1,1,0,0,9538,0.0,187.0,360.0,1,1,9538.0,9.16303909885817,0.0,9.16303909885817,5.231108616854587,0,1
LP001546,1,0,0,0,0,2980,2083.0,120.0,360.0,1,1,5063.0,7.9996785794994505,7.641564441260972,8.529714471969909,4.787491742782046,0,0
LP001552,1,1,0,0,0,4583,5625.0,255.0,360.0,1,1,10208.0,8.430109084509125,8.63497622707262,9.23092700558457,5.541263545158426,1,0
LP001560,1,1,0,1,0,1863,1041.0,98.0,360.0,1,1,2904.0,7.529943370601589,6.947937068614969,7.973844375944687,4.584967478670572,1,0
LP001562,1,1,0,0,0,7933,0.0,275.0,360.0,1,0,7933.0,8.978786553302003,0.0,8.978786553302003,5.616771097666572,0,1
LP001565,1,1,1,0,0,3089,1280.0,121.0,360.0,0,0,4369.0,8.035602692918582,7.154615356913663,8.382289428951436,4.795790545596741,1,0
LP001570,1,1,2,0,0,4167,1447.0,158.0,360.0,1,1,5614.0,8.334951631422454,7.277247726631484,8.633018756921828,5.062595033026967,0,0
LP001572,1,1,0,0,0,9323,0.0,75.0,180.0,1,1,9323.0,9.140239744296693,0.0,9.140239744296693,4.31748811353631,0,1
LP001574,1,1,0,0,0,3707,3166.0,182.0,360.0,1,1,6873.0,8.217978203150732,8.060224240440958,8.835355971121606,5.204006687076795,0,0
LP001577,0,1,0,0,0,4583,0.0,112.0,360.0,1,0,4583.0,8.430109084509125,0.0,8.430109084509125,4.718498871295094,0,0
LP001578,1,1,0,0,0,2439,3333.0,129.0,360.0,1,1,5772.0,7.79934339821592,8.11162807830774,8.660773919893762,4.859812404361672,0,0
LP001579,1,0,0,0,0,2237,0.0,63.0,480.0,0,0,2237.0,7.71289096149013,0.0,7.71289096149013,4.143134726391533,1,0
LP001580,1,1,2,0,0,8000,0.0,200.0,360.0,1,1,8000.0,8.987196820661973,0.0,8.987196820661973,5.298317366548036,1,0
LP001581,1,1,0,1,0,1820,1769.0,95.0,360.0,1,1,3589.0,7.506591780070841,7.478169694159785,8.185628891147607,4.553876891600541,0,0
LP001585,1,1,3,0,0,51763,0.0,700.0,300.0,1,1,51763.0,10.854430887309706,0.0,10.854430887309706,6.551080335043404,0,1
LP001586,1,1,3,1,0,3522,0.0,81.0,180.0,1,0,3522.0,8.166784289056151,0.0,8.166784289056151,4.394449154672439,0,0
LP001594,1,1,0,0,0,5708,5625.0,187.0,360.0,1,1,11333.0,8.649623978596727,8.63497622707262,9.335474102732949,5.231108616854587,1,0
LP001603,1,1,0,1,1,4344,736.0,87.0,360.0,1,0,5080.0,8.37655086161377,6.601230118728877,8.533066540572527,4.465908118654584,1,0
LP001606,1,1,0,0,0,3497,1964.0,116.0,360.0,1,1,5461.0,8.159660737063376,7.582738488914411,8.605387202152153,4.7535901911063645,0,0
LP001608,1,1,2,0,0,2045,1619.0,101.0,360.0,1,1,3664.0,7.623153068476902,7.389563953677635,8.20631072579402,4.61512051684126,0,0
LP001610,1,1,3,0,0,5516,11300.0,495.0,360.0,0,0,16816.0,8.615408238913192,9.332558004700433,9.730086093116732,6.20455776256869,1,0
LP001616,1,1,1,0,0,3750,0.0,116.0,360.0,1,1,3750.0,8.229511118964457,0.0,8.229511118964457,4.7535901911063645,1,0
LP001630,1,0,0,1,0,2333,1451.0,102.0,480.0,0,0,3784.0,7.75491027202143,7.280008252884188,8.238536930171769,4.624972813284271,0,1
LP001633,1,1,1,0,0,6400,7250.0,180.0,360.0,0,0,13650.0,8.764053269347762,8.88875674784872,9.521494800613105,5.19295685089021,0,1
LP001634,1,0,0,0,0,1916,5063.0,67.0,360.0,1,0,6979.0,7.557994958530806,8.529714471969909,8.850660919017152,4.204692619390966,0,0
LP001636,1,1,0,0,0,4600,0.0,73.0,180.0,1,1,4600.0,8.433811582477187,0.0,8.433811582477187,4.290459441148391,1,0
LP001637,1,1,1,0,0,33846,0.0,260.0,360.0,1,0,33846.0,10.429576102968031,0.0,10.429576102968031,5.560681631015528,1,0
LP001639,0,1,0,0,0,3625,0.0,108.0,360.0,1,1,3625.0,8.195609567288775,0.0,8.195609567288775,4.68213122712422,1,0
LP001640,1,1,0,0,1,39147,4750.0,120.0,360.0,1,1,43897.0,10.575079070130357,8.465899897028686,10.689601259598334,4.787491742782046,1,0
LP001641,1,1,1,0,1,2178,0.0,66.0,300.0,0,0,2178.0,7.686162303492906,0.0,7.686162303492906,4.189654742026425,0,0
LP001643,1,1,0,0,0,2383,2138.0,58.0,360.0,1,1,4521.0,7.776115477098742,7.6676260915849905,8.416488487294606,4.060443010546419,0,0
LP001644,1,1,0,0,1,674,5296.0,168.0,360.0,1,1,5970.0,6.513230110912307,8.574707097616844,8.694502206386648,5.123963979403259,0,0
LP001647,1,1,0,0,0,9328,0.0,188.0,180.0,1,1,9328.0,9.140775908590273,0.0,9.140775908590273,5.236441962829949,0,0
LP001653,1,0,0,1,0,4885,0.0,48.0,360.0,1,1,4885.0,8.493924564476883,0.0,8.493924564476883,3.871201010907891,0,0
LP001656,1,0,0,0,0,12000,0.0,164.0,360.0,1,0,12000.0,9.392661928770137,0.0,9.392661928770137,5.099866427824199,1,0
LP001657,1,1,0,1,0,6033,0.0,160.0,360.0,1,0,6033.0,8.704999678440762,0.0,8.704999678440762,5.075173815233827,0,1
LP001658,1,0,0,0,0,3858,0.0,76.0,360.0,1,1,3858.0,8.257904193465674,0.0,8.257904193465674,4.330733340286331,1,0
LP001664,1,0,0,0,0,4191,0.0,120.0,360.0,1,1,4191.0,8.340694647925071,0.0,8.340694647925071,4.787491742782046,0,0
LP001665,1,1,1,0,0,3125,2583.0,170.0,360.0,1,0,5708.0,8.047189562170502,7.8567067930958405,8.649623978596727,5.135798437050262,1,0
LP001666,1,0,0,0,0,8333,3750.0,187.0,360.0,1,1,12083.0,9.027978814382207,8.229511118964457,9.399554785027307,5.231108616854587,0,0
LP001669,0,0,0,1,0,1907,2365.0,120.0,360.0,1,1,4272.0,7.553286605600419,7.768533300926033,8.35983738064003,4.787491742782046,0,1
LP001671,0,1,0,0,0,3416,2816.0,113.0,360.0,1,1,6232.0,8.13622555490846,7.943072717277933,8.737452587550584,4.727387818712341,1,0
LP001673,1,0,0,0,1,11000,0.0,83.0,360.0,1,0,11000.0,9.305650551780507,0.0,9.305650551780507,4.418840607796598,0,1
LP001674,1,1,1,1,0,2600,2500.0,90.0,360.0,1,1,5100.0,7.8632667240095735,7.824046010856292,8.536995818712418,4.499809670330265,1,0
LP001677,1,0,2,0,0,4923,0.0,166.0,360.0,0,1,4923.0,8.5016733797582,0.0,8.5016733797582,5.111987788356544,1,0
LP001682,1,1,3,1,0,3992,0.0,113.0,180.0,1,0,3992.0,8.292047637431354,0.0,8.292047637431354,4.727387818712341,0,1
LP001688,1,1,1,1,0,3500,1083.0,135.0,360.0,1,1,4583.0,8.160518247477505,6.9874902470009905,8.430109084509125,4.90527477843843,0,1
LP001691,1,1,2,1,0,3917,0.0,124.0,360.0,1,1,3917.0,8.27308133366583,0.0,8.27308133366583,4.820281565605037,1,0
LP001692,0,0,0,1,0,4408,0.0,120.0,360.0,1,1,4408.0,8.391176350832751,0.0,8.391176350832751,4.787491742782046,1,0
LP001693,0,0,0,0,0,3244,0.0,80.0,360.0,1,1,3244.0,8.084562415235304,0.0,8.084562415235304,4.382026634673881,0,1
LP001698,1,0,0,1,0,3975,2531.0,55.0,360.0,1,1,6506.0,8.287780027088433,7.836369760545124,8.780480107033297,4.007333185232471,0,0
LP001699,1,0,0,0,0,2479,0.0,59.0,360.0,1,1,2479.0,7.8156105320351905,0.0,7.8156105320351905,4.07753744390572,0,1
LP001702,1,0,0,0,0,3418,0.0,127.0,360.0,1,0,3418.0,8.136810863675537,0.0,8.136810863675537,4.844187086458591,1,0
LP001708,0,0,0,0,0,10000,0.0,214.0,360.0,1,0,10000.0,9.210340371976184,0.0,9.210340371976184,5.365976015021851,1,0
LP001711,1,1,3,0,0,3430,1250.0,128.0,360.0,0,0,4680.0,8.140315540159985,7.1308988302963465,8.451053388911692,4.852030263919617,1,0
LP001713,1,1,1,0,1,7787,0.0,240.0,360.0,1,1,7787.0,8.960210955576986,0.0,8.960210955576986,5.480638923341991,0,1
LP001715,1,1,3,1,1,5703,0.0,130.0,360.0,1,1,5703.0,8.648747631156539,0.0,8.648747631156539,4.867534450455582,0,0
LP001716,1,1,0,0,0,3173,3021.0,137.0,360.0,1,1,6194.0,8.062432791583195,8.013343181386672,8.731336360533149,4.919980925828125,0,1
LP001720,1,1,3,1,0,3850,983.0,100.0,360.0,1,1,4833.0,8.25582842728183,6.890609120147166,8.483222671845084,4.605170185988092,1,0
LP001722,1,1,0,0,0,150,1800.0,135.0,360.0,1,0,1950.0,5.0106352940962555,7.495541943884256,7.575584651557793,4.90527477843843,0,0
LP001726,1,1,0,0,0,3727,1775.0,131.0,360.0,1,1,5502.0,8.223358899479258,7.4815557019095165,8.61286694148452,4.875197323201151,1,0
LP001732,1,1,2,0,0,5000,0.0,72.0,360.0,0,0,5000.0,8.517193191416238,0.0,8.517193191416238,4.276666119016055,1,0
LP001734,0,1,2,0,0,4283,2383.0,127.0,360.0,1,1,6666.0,8.36240897761537,7.776115477098742,8.804775258867686,4.844187086458591,1,0
LP001736,1,1,0,0,0,2221,0.0,60.0,360.0,0,0,2221.0,7.7057128238944275,0.0,7.7057128238944275,4.0943445622221,0,1
LP001743,1,1,2,0,0,4009,1717.0,116.0,360.0,1,1,5726.0,8.296297112642508,7.448333860897476,8.65277248565806,4.7535901911063645,1,0
LP001744,1,0,0,0,0,2971,2791.0,144.0,360.0,1,1,5762.0,7.9966538754626075,7.934155233536322,8.659039915644474,4.969813299576001,1,0
LP001749,1,1,0,0,0,7578,1010.0,175.0,360.0,1,1,8588.0,8.933004591578547,6.917705609835305,9.058121158998672,5.1647859739235145,1,0
LP001750,1,1,0,0,0,6250,0.0,128.0,360.0,1,1,6250.0,8.740336742730447,0.0,8.740336742730447,4.852030263919617,1,0
LP001751,1,1,0,0,0,3250,0.0,170.0,360.0,1,0,3250.0,8.086410275323782,0.0,8.086410275323782,5.135798437050262,0,0
LP001754,1,1,0,1,1,4735,0.0,138.0,360.0,1,0,4735.0,8.462737005620179,0.0,8.462737005620179,4.927253685157205,0,1
LP001758,1,1,2,0,0,6250,1695.0,210.0,360.0,1,1,7945.0,8.740336742730447,7.43543801981455,8.980298078970817,5.3471075307174685,1,0
LP001760,1,1,0,0,0,4758,0.0,158.0,480.0,1,1,4758.0,8.467582690862903,0.0,8.467582690862903,5.062595033026967,1,0
LP001761,1,0,0,0,1,6400,0.0,200.0,360.0,1,1,6400.0,8.764053269347762,0.0,8.764053269347762,5.298317366548036,0,0
LP001765,1,1,1,0,0,2491,2054.0,104.0,360.0,1,1,4545.0,7.820439515262181,7.627544390488503,8.421783006611578,4.6443908991413725,1,0
LP001768,1,1,0,0,0,3716,0.0,42.0,180.0,1,1,3716.0,8.22040309993373,0.0,8.22040309993373,3.7376696182833684,0,0
LP001770,1,0,0,1,0,3189,2598.0,120.0,360.0,1,1,5787.0,8.067462667010057,7.862497197230545,8.663369301573839,4.787491742782046,0,0
LP001776,0,0,0,0,0,8333,0.0,280.0,360.0,1,1,8333.0,9.027978814382207,0.0,9.027978814382207,5.634789603169249,1,0
LP001778,1,1,1,0,0,3155,1779.0,140.0,360.0,1,1,4934.0,8.056743774975313,7.483806687665835,8.503905297089302,4.941642422609304,1,0
LP001784,1,1,1,0,0,5500,1260.0,170.0,360.0,1,1,6760.0,8.612503371220562,7.138866999945524,8.81877816903701,5.135798437050262,0,0
LP001786,1,1,0,0,0,5746,0.0,255.0,360.0,1,0,5746.0,8.656259239539235,0.0,8.656259239539235,5.541263545158426,0,1
LP001788,0,0,0,0,1,3463,0.0,122.0,360.0,1,1,3463.0,8.149890544402423,0.0,8.149890544402423,4.804021044733257,0,1
LP001790,0,0,1,0,0,3812,0.0,112.0,360.0,1,1,3812.0,8.245909264774093,0.0,8.245909264774093,4.718498871295094,0,0
LP001792,1,1,1,0,0,3315,0.0,96.0,360.0,1,1,3315.0,8.106212902619962,0.0,8.106212902619962,4.564348191467836,1,0
LP001798,1,1,2,0,0,5819,5000.0,120.0,360.0,1,1,10819.0,8.66888370465667,8.517193191416238,9.289059126687574,4.787491742782046,0,0
LP001800,1,1,1,1,0,2510,1983.0,140.0,180.0,1,0,4493.0,7.828038032125829,7.592366128519796,8.41027590907016,4.941642422609304,0,1
LP001806,1,0,0,0,0,2965,5701.0,155.0,60.0,1,1,8666.0,7.994632311431825,8.648396877031582,9.067162602299854,5.043425116919247,0,1
LP001807,1,1,2,0,1,6250,1300.0,108.0,360.0,1,1,7550.0,8.740336742730447,7.170119543449628,8.92930284224307,4.68213122712422,0,0
LP001811,1,1,0,1,0,3406,4417.0,123.0,360.0,1,1,7823.0,8.133293861222633,8.393216011596527,8.96482339168508,4.812184355372417,1,0
LP001813,1,0,0,0,1,6050,4333.0,120.0,180.0,1,0,10383.0,8.707813551024888,8.374015421739909,9.247925132303454,4.787491742782046,0,1
LP001814,1,1,2,0,0,9703,0.0,112.0,360.0,1,1,9703.0,9.1801903950253,0.0,9.1801903950253,4.718498871295094,0,1
LP001819,1,1,1,1,0,6608,0.0,137.0,180.0,1,1,6608.0,8.796036315200814,0.0,8.796036315200814,4.919980925828125,0,1
LP001824,1,1,1,0,0,2882,1843.0,123.0,480.0,1,1,4725.0,7.966239776559467,7.519149957669823,8.460622839927844,4.812184355372417,1,0
LP001825,1,1,0,0,0,1809,1868.0,90.0,360.0,1,1,3677.0,7.500529485395295,7.532623618788788,8.209852481301272,4.499809670330265,0,1
LP001835,1,1,0,1,0,1668,3890.0,201.0,360.0,0,0,5558.0,7.419380582918692,8.266164436612492,8.62299361030245,5.303304908059076,1,0
LP001836,0,0,2,0,0,3427,0.0,138.0,360.0,1,0,3427.0,8.139440521874608,0.0,8.139440521874608,4.927253685157205,0,1
LP001841,1,0,0,1,1,2583,2167.0,104.0,360.0,1,1,4750.0,7.8567067930958405,7.681099001536359,8.465899897028686,4.6443908991413725,0,0
LP001843,1,1,1,1,0,2661,7101.0,279.0,180.0,1,1,9762.0,7.886457270977689,8.867990898182093,9.186252576447092,5.631211781821365,1,0
LP001844,1,0,0,0,1,16250,0.0,192.0,360.0,0,0,16250.0,9.695848187757884,0.0,9.695848187757884,5.2574953720277815,0,1
LP001846,0,0,3,0,0,3083,0.0,255.0,360.0,1,1,3083.0,8.03365842788615,0.0,8.03365842788615,5.541263545158426,0,0
LP001849,1,0,0,1,0,6045,0.0,115.0,360.0,0,0,6045.0,8.706986763048892,0.0,8.706986763048892,4.74493212836325,0,0
LP001854,1,1,3,0,0,5250,0.0,94.0,360.0,1,0,5250.0,8.565983355585669,0.0,8.565983355585669,4.543294782270004,0,1
LP001859,1,1,0,0,0,14683,2100.0,304.0,360.0,1,0,16783.0,9.594445640962938,7.649692623711514,9.72812174830818,5.717027701406222,0,0
LP001864,1,1,3,1,0,4931,0.0,128.0,360.0,1,0,4931.0,8.503297086224126,0.0,8.503297086224126,4.852030263919617,1,0
LP001865,1,1,1,0,0,6083,4250.0,330.0,360.0,1,1,10333.0,8.713253274320705,8.354674261918463,9.243097936214355,5.799092654460526,0,1
LP001868,1,0,0,0,0,2060,2209.0,134.0,360.0,1,1,4269.0,7.630461261783627,7.700295203420117,8.359134886757962,4.897839799950911,1,0
LP001870,0,0,1,0,0,3481,0.0,155.0,36.0,1,0,3481.0,8.15507488781144,0.0,8.15507488781144,5.043425116919247,1,0
LP001871,0,0,0,0,0,7200,0.0,120.0,360.0,1,1,7200.0,8.881836305004146,0.0,8.881836305004146,4.787491742782046,0,0
LP001872,1,0,0,0,1,5166,0.0,128.0,360.0,1,1,5166.0,8.549853973655786,0.0,8.549853973655786,4.852030263919617,1,0
LP001875,1,0,0,0,0,4095,3447.0,151.0,360.0,1,1,7542.0,8.31752199628717,8.145259566516865,8.928242677818302,5.017279836814924,0,0
LP001877,1,1,2,0,0,4708,1387.0,150.0,360.0,1,1,6095.0,8.457018468380168,7.234898420314831,8.715224041915372,5.0106352940962555,1,0
LP001882,1,1,3,0,0,4333,1811.0,160.0,360.0,0,1,6144.0,8.374015421739909,7.501634457883413,8.723231274827508,5.075173815233827,0,1
LP001883,0,0,0,0,0,3418,0.0,135.0,360.0,1,0,3418.0,8.136810863675537,0.0,8.136810863675537,4.90527477843843,0,0
LP001884,0,0,1,0,0,2876,1560.0,90.0,360.0,1,1,4436.0,7.964155718840937,7.352441100243583,8.397508348470257,4.499809670330265,0,1
LP001888,0,0,0,0,0,3237,0.0,30.0,360.0,1,1,3237.0,8.082402253926244,0.0,8.082402253926244,3.4011973816621555,0,1
LP001891,1,1,0,0,0,11146,0.0,136.0,360.0,1,1,11146.0,9.318835968129482,0.0,9.318835968129482,4.912654885736052,0,1
LP001892,1,0,0,0,0,2833,1857.0,126.0,360.0,1,1,4690.0,7.949091499830517,7.526717561352706,8.453187861440325,4.836281906951478,0,0
LP001894,1,1,0,0,0,2620,2223.0,150.0,360.0,1,1,4843.0,7.8709295967551425,7.706612913964197,8.48528964240323,5.0106352940962555,1,0
LP001896,1,1,2,0,0,3900,0.0,90.0,360.0,1,1,3900.0,8.268731832117737,0.0,8.268731832117737,4.499809670330265,1,0
LP001900,1,1,1,0,0,2750,1842.0,115.0,360.0,1,1,4592.0,7.919356190660617,7.518607216815252,8.432070937999402,4.74493212836325,1,0
LP001903,1,1,0,0,0,3993,3274.0,207.0,360.0,1,1,7267.0,8.292298107063221,8.09376775793108,8.891098830616636,5.332718793265369,1,0
LP001904,1,1,0,0,0,3103,1300.0,80.0,360.0,1,1,4403.0,8.04012466444838,7.170119543449628,8.390041405755754,4.382026634673881,0,1
LP001907,1,1,0,0,0,14583,0.0,436.0,360.0,1,1,14583.0,9.587611745713565,0.0,9.587611745713565,6.077642243349034,1,0
LP001908,0,1,0,1,0,4100,0.0,124.0,360.0,1,1,4100.0,8.318742252692399,0.0,8.318742252692399,4.820281565605037,0,0
LP001910,1,0,1,1,1,4053,2426.0,158.0,360.0,0,0,6479.0,8.307212626628308,7.793999089503996,8.776321456449958,5.062595033026967,0,1
LP001914,1,1,0,0,0,3927,800.0,112.0,360.0,1,1,4727.0,8.27563105457801,6.684611727667927,8.461046030793236,4.718498871295094,1,0
LP001915,1,1,2,0,0,2301,985.7999877999998,78.0,180.0,1,1,3286.7999878,7.741099090035366,6.893453481895541,8.097669722345216,4.356708826689592,0,1
LP001917,0,0,0,0,0,1811,1666.0,54.0,360.0,1,1,3477.0,7.501634457883413,7.418180822726788,8.153925132007862,3.9889840465642745,0,1
LP001922,1,1,0,0,0,20667,0.0,130.0,360.0,1,0,20667.0,9.936293504261306,0.0,9.936293504261306,4.867534450455582,0,0
LP001924,1,0,0,0,0,3158,3053.0,89.0,360.0,1,1,6211.0,8.057694194815587,8.023879992734878,8.734077192559303,4.48863636973214,0,0
LP001925,0,0,0,0,1,2600,1717.0,99.0,300.0,1,0,4317.0,7.8632667240095735,7.448333860897476,8.370315995555478,4.59511985013459,1,0
LP001926,1,1,0,0,0,3704,2000.0,120.0,360.0,1,1,5704.0,8.21716859576607,7.600902459542082,8.648922962094131,4.787491742782046,0,0
LP001931,0,0,0,0,0,4124,0.0,115.0,360.0,1,1,4124.0,8.32457884513685,0.0,8.32457884513685,4.74493212836325,1,0
LP001935,1,0,0,0,0,9508,0.0,187.0,360.0,1,1,9508.0,9.159888828480085,0.0,9.159888828480085,5.231108616854587,0,0
LP001936,1,1,0,0,0,3075,2416.0,139.0,360.0,1,1,5491.0,8.031060180240619,7.789868559054706,8.610865667278873,4.9344739331306915,0,0
LP001938,1,1,2,0,0,4400,0.0,127.0,360.0,0,0,4400.0,8.389359819906353,0.0,8.389359819906353,4.844187086458591,1,0
LP001940,1,1,2,0,0,3153,1560.0,134.0,360.0,1,1,4713.0,8.056109659545061,7.352441100243583,8.45807992692373,4.897839799950911,0,1
LP001945,0,0,0,0,0,5417,0.0,143.0,480.0,0,0,5417.0,8.597297435657898,0.0,8.597297435657898,4.962844630259907,0,1
LP001947,1,1,0,0,0,2383,3334.0,172.0,360.0,1,1,5717.0,7.776115477098742,8.111928063310739,8.651199471263972,5.147494476813453,1,0
LP001949,1,1,3,0,0,4416,1250.0,110.0,360.0,1,1,5666.0,8.392989587956931,7.1308988302963465,8.642238680390461,4.700480365792417,0,1
LP001953,1,1,1,0,0,6875,0.0,200.0,360.0,1,1,6875.0,8.835646922534773,0.0,8.835646922534773,5.298317366548036,1,0
LP001954,0,1,1,0,0,4666,0.0,135.0,360.0,1,1,4666.0,8.448057452581375,0.0,8.448057452581375,4.90527477843843,0,1
LP001955,0,0,0,0,0,5000,2541.0,151.0,480.0,1,0,7541.0,8.517193191416238,7.840312983320164,8.928110078202646,5.017279836814924,0,0
LP001963,1,1,1,0,0,2014,2925.0,113.0,360.0,1,0,4939.0,7.607878073278507,7.981049759665957,8.504918160540624,4.727387818712341,0,1
LP001964,1,1,0,1,0,1800,2934.0,93.0,360.0,0,0,4734.0,7.495541943884256,7.984121958702927,8.46252579007393,4.532599493153256,0,1
LP001972,1,1,0,1,0,2875,1750.0,105.0,360.0,1,1,4625.0,7.963807953231451,7.4673710669175595,8.439231649946526,4.653960350157523,1,0
LP001974,0,0,0,0,0,5000,0.0,132.0,360.0,1,1,5000.0,8.517193191416238,0.0,8.517193191416238,4.882801922586371,0,0
LP001977,1,1,1,0,0,1625,1803.0,96.0,360.0,1,1,3428.0,7.393263094763838,7.497207223203318,8.13973227971767,4.564348191467836,0,1
LP001978,1,0,0,0,0,4000,2500.0,140.0,360.0,1,1,6500.0,8.294049640102028,7.824046010856292,8.779557455883728,4.941642422609304,0,0
LP001990,1,0,0,1,0,2000,0.0,113.0,360.0,1,0,2000.0,7.600902459542082,0.0,7.600902459542082,4.727387818712341,0,1
LP001993,0,0,0,0,0,3762,1666.0,135.0,360.0,1,1,5428.0,8.232706009860976,7.418180822726788,8.59932602095476,4.90527477843843,0,0
LP001994,0,0,0,0,0,2400,1863.0,104.0,360.0,0,0,4263.0,7.783224016336037,7.529943370601589,8.35772841676521,4.6443908991413725,0,1
LP001996,1,0,0,0,0,20233,0.0,480.0,360.0,1,0,20233.0,9.915070213779195,0.0,9.915070213779195,6.173786103901937,0,0
LP001998,1,1,2,1,0,7667,0.0,185.0,360.0,1,1,7667.0,8.944680683558895,0.0,8.944680683558895,5.220355825078324,0,0
LP002002,0,0,0,0,0,2917,0.0,84.0,360.0,1,1,2917.0,7.978310969867722,0.0,7.978310969867722,4.430816798843313,1,0
LP002004,1,0,0,1,0,2927,2405.0,111.0,360.0,1,1,5332.0,7.9817332866918855,7.785305182539862,8.5814816812986,4.709530201312334,1,0
LP002006,0,0,0,0,0,2507,0.0,56.0,360.0,1,1,2507.0,7.826842098158293,0.0,7.826842098158293,4.02535169073515,0,0
LP002008,1,1,2,0,1,5746,0.0,144.0,84.0,1,1,5746.0,8.656259239539235,0.0,8.656259239539235,4.969813299576001,0,0
LP002024,1,1,0,0,0,2473,1843.0,159.0,360.0,1,0,4316.0,7.813187267521416,7.519149957669823,8.370084326378025,5.0689042022202315,0,0
LP002031,1,1,1,1,0,3399,1640.0,111.0,180.0,1,1,5039.0,8.131236549696116,7.402451520818244,8.524962928680598,4.709530201312334,0,1
LP002035,1,1,2,0,0,3717,0.0,120.0,360.0,1,1,3717.0,8.220672170297252,0.0,8.220672170297252,4.787491742782046,1,0
LP002036,1,1,0,0,0,2058,2134.0,88.0,360.0,1,1,4192.0,7.629489916393995,7.665753431861699,8.340933226000878,4.477336814478207,0,1
LP002043,0,0,1,0,0,3541,0.0,112.0,360.0,1,1,3541.0,8.172164452111904,0.0,8.172164452111904,4.718498871295094,1,0
LP002050,1,1,1,0,1,10000,0.0,155.0,360.0,1,0,10000.0,9.210340371976184,0.0,9.210340371976184,5.043425116919247,0,0
LP002051,1,1,0,0,0,2400,2167.0,115.0,360.0,1,1,4567.0,7.783224016336037,7.681099001536359,8.426611813185,4.74493212836325,1,0
LP002053,1,1,3,0,0,4342,189.0,124.0,360.0,1,1,4531.0,8.376090350438238,5.241747015059643,8.418697944667139,4.820281565605037,1,0
LP002054,1,1,2,1,0,3601,1590.0,113.0,360.0,1,1,5191.0,8.188966863648876,7.371489295214277,8.55468163582723,4.727387818712341,0,0
LP002055,0,0,0,0,0,3166,2985.0,132.0,360.0,1,1,6151.0,8.060224240440958,8.001355025826703,8.724369949208368,4.882801922586371,0,0
LP002065,1,1,3,0,0,15000,0.0,300.0,360.0,1,1,15000.0,9.615805480084347,0.0,9.615805480084347,5.703782474656201,0,0
LP002067,1,1,1,0,1,8666,4983.0,376.0,360.0,0,0,13649.0,9.067162602299854,8.513787398281405,9.521421537856195,5.929589143389895,0,0
LP002068,1,0,0,0,0,4917,0.0,130.0,360.0,0,1,4917.0,8.50045386741194,0.0,8.50045386741194,4.867534450455582,0,0
LP002082,1,1,0,0,1,5818,2160.0,184.0,360.0,1,1,7978.0,8.668711839055147,7.67786350067821,8.984443032465352,5.214935757608986,1,0
LP002086,0,1,0,0,0,4333,2451.0,110.0,360.0,1,0,6784.0,8.374015421739909,7.804251383528112,8.822322177471738,4.700480365792417,0,1
LP002087,0,0,0,0,0,2500,0.0,67.0,360.0,1,1,2500.0,7.824046010856292,0.0,7.824046010856292,4.204692619390966,0,1
LP002097,1,0,1,0,0,4384,1793.0,117.0,360.0,1,1,6177.0,8.385716828627851,7.491645473605133,8.728587995695898,4.762173934797756,0,1
LP002098,1,0,0,0,0,2935,0.0,98.0,360.0,1,1,2935.0,7.984462732262196,0.0,7.984462732262196,4.584967478670572,1,0
LP002100,1,0,0,0,0,2833,0.0,71.0,360.0,1,1,2833.0,7.949091499830517,0.0,7.949091499830517,4.2626798770413155,0,1
LP002101,1,1,0,0,0,63337,0.0,490.0,180.0,1,1,63337.0,11.05622495553552,0.0,11.05622495553552,6.194405391104672,0,1
LP002103,1,1,1,0,1,9833,1833.0,182.0,180.0,1,1,11666.0,9.193499354780156,7.513709247839705,9.364433907313582,5.204006687076795,0,1
LP002106,1,1,0,0,1,5503,4490.0,70.0,360.0,1,1,9993.0,8.613048677059759,8.4096079807363,9.209640126861789,4.248495242049359,1,0
LP002110,1,1,1,0,0,5250,688.0,160.0,360.0,1,1,5938.0,8.565983355585669,6.5337888379333435,8.689127655323706,5.075173815233827,0,0
LP002112,1,1,2,0,1,2500,4600.0,176.0,360.0,1,1,7100.0,7.824046010856292,8.433811582477187,8.867850063029406,5.170483995038151,0,0
LP002113,0,0,3,1,0,1830,0.0,113.0,360.0,0,0,1830.0,7.512071245835466,0.0,7.512071245835466,4.727387818712341,0,1
LP002114,0,0,0,0,0,4160,0.0,71.0,360.0,1,1,4160.0,8.333270353255308,0.0,8.333270353255308,4.2626798770413155,1,0
LP002115,1,1,3,1,0,2647,1587.0,173.0,360.0,1,0,4234.0,7.881182202227102,7.369600720526409,8.350902451694811,5.153291594497779,0,0
LP002116,0,0,0,0,0,2378,0.0,46.0,360.0,1,0,2378.0,7.774015077250727,0.0,7.774015077250727,3.828641396489095,0,0
LP002119,1,1,1,1,0,4554,1229.0,158.0,360.0,1,1,5783.0,8.423761246623686,7.113956109566034,8.662677858158219,5.062595033026967,0,1
LP002126,1,1,3,1,0,3173,0.0,74.0,360.0,1,1,3173.0,8.062432791583195,0.0,8.062432791583195,4.30406509320417,1,0
LP002128,1,1,2,0,0,2583,2330.0,125.0,360.0,1,1,4913.0,7.8567067930958405,7.753623546559746,8.499640032168648,4.8283137373023015,0,0
LP002129,1,1,0,0,0,2499,2458.0,160.0,360.0,1,1,4957.0,7.823645930834952,7.80710329012598,8.508555998020574,5.075173815233827,1,0
LP002130,1,1,0,1,0,3523,3230.0,152.0,360.0,0,0,6753.0,8.167068178341237,8.080237416216702,8.817742129574842,5.0238805208462765,0,0
LP002131,1,1,2,1,0,3083,2168.0,126.0,360.0,1,1,5251.0,8.03365842788615,7.681560362559537,8.566173813637858,4.836281906951478,0,1
LP002137,1,1,0,0,0,6333,4583.0,259.0,360.0,1,1,10916.0,8.753529336516431,8.430109084509125,9.29798488182823,5.556828061699537,1,0
LP002138,1,1,0,0,0,2625,6250.0,187.0,360.0,1,1,8875.0,7.872836175025724,8.740336742730447,9.090993614343617,5.231108616854587,0,0
LP002139,1,1,0,0,0,9083,0.0,228.0,360.0,1,1,9083.0,9.114159813502214,0.0,9.114159813502214,5.429345628954441,1,0
LP002140,1,0,0,0,0,8750,4167.0,308.0,360.0,1,0,12917.0,9.07680897935166,8.334951631422454,9.466299552232016,5.730099782973574,0,0
LP002141,1,1,3,0,0,2666,2083.0,95.0,360.0,1,1,4749.0,7.888334500738654,7.641564441260972,8.465689348549121,4.553876891600541,0,0
LP002142,0,1,0,0,1,5500,0.0,105.0,360.0,0,0,5500.0,8.612503371220562,0.0,8.612503371220562,4.653960350157523,0,0
LP002143,0,1,0,0,0,2423,505.0,130.0,360.0,1,1,2928.0,7.792761720816526,6.22455842927536,7.982074875081202,4.867534450455582,1,0
LP002144,0,0,0,0,0,3813,0.0,116.0,180.0,1,1,3813.0,8.246171559857563,0.0,8.246171559857563,4.7535901911063645,0,1
LP002149,1,1,2,0,0,8333,3167.0,165.0,360.0,1,1,11500.0,9.027978814382207,8.06054004653864,9.350102314351341,5.10594547390058,0,0
LP002151,1,1,1,0,0,3875,0.0,67.0,360.0,1,0,3875.0,8.262300941787448,0.0,8.262300941787448,4.204692619390966,0,1
LP002158,1,1,0,1,0,3000,1666.0,100.0,480.0,0,0,4666.0,8.006367567650246,7.418180822726788,8.448057452581375,4.605170185988092,0,1
LP002160,1,1,3,0,0,5167,3167.0,200.0,360.0,1,1,8334.0,8.550047528287184,8.06054004653864,9.0280988119824,5.298317366548036,1,0
LP002161,0,0,1,0,0,4723,0.0,81.0,360.0,1,0,4723.0,8.460199469896118,0.0,8.460199469896118,4.394449154672439,1,0
LP002170,1,1,2,0,0,5000,3667.0,236.0,360.0,1,1,8667.0,8.517193191416238,8.207129168071326,9.067277989134345,5.4638318050256105,1,0
LP002175,1,1,0,0,0,4750,2333.0,130.0,360.0,1,1,7083.0,8.465899897028686,7.75491027202143,8.865452825753623,4.867534450455582,0,1
LP002178,1,1,0,0,0,3013,3033.0,95.0,300.0,1,1,6046.0,8.0106915391303,8.017307507688582,8.707152175339404,4.553876891600541,0,1
LP002180,1,0,0,0,1,6822,0.0,141.0,360.0,1,1,6822.0,8.82790796297859,0.0,8.82790796297859,4.948759890378168,0,0
LP002181,1,0,0,1,0,6216,0.0,133.0,360.0,1,0,6216.0,8.734881892047483,0.0,8.734881892047483,4.890349128221754,0,0
LP002187,1,0,0,0,0,2500,0.0,96.0,480.0,1,0,2500.0,7.824046010856292,0.0,7.824046010856292,4.564348191467836,1,0
LP002188,1,0,0,0,0,5124,0.0,124.0,360.0,0,0,5124.0,8.541690663016626,0.0,8.541690663016626,4.820281565605037,0,0
LP002190,1,1,1,0,0,6325,0.0,175.0,360.0,1,1,6325.0,8.752265313595721,0.0,8.752265313595721,5.1647859739235145,1,0
LP002191,1,1,0,0,0,19730,5266.0,570.0,360.0,1,0,24996.0,9.889895599016661,8.569026340056254,10.126471091048971,6.345636360828596,0,0
LP002194,0,0,0,0,1,15759,0.0,55.0,360.0,1,1,15759.0,9.665166909622071,0.0,9.665166909622071,4.007333185232471,1,0
LP002197,1,1,2,0,0,5185,0.0,155.0,360.0,1,1,5185.0,8.553525120663627,0.0,8.553525120663627,5.043425116919247,1,0
LP002201,1,1,2,0,1,9323,7873.0,380.0,300.0,1,1,17196.0,9.140239744296693,8.971194463184467,9.752432077616172,5.940171252720432,0,0
LP002205,1,0,1,0,0,3062,1987.0,111.0,180.0,0,0,5049.0,8.026823576217629,7.594381242551817,8.526945482858915,4.709530201312334,0,1
LP002209,0,0,0,0,0,2764,1459.0,110.0,360.0,1,1,4223.0,7.92443418488756,7.285506548522785,8.348301054933943,4.700480365792417,0,1
LP002211,1,1,0,0,0,4817,923.0,120.0,180.0,1,1,5740.0,8.479906606630221,6.827629234502852,8.655214489313613,4.787491742782046,0,1
LP002219,1,1,3,0,0,8750,4996.0,130.0,360.0,1,1,13746.0,9.07680897935166,8.516392871245468,9.52850315168155,4.867534450455582,0,0
LP002223,1,1,0,0,0,4310,0.0,130.0,360.0,1,1,4310.0,8.368693183097793,0.0,8.368693183097793,4.867534450455582,1,0
LP002224,1,0,0,0,0,3069,0.0,71.0,480.0,1,0,3069.0,8.029107054619736,0.0,8.029107054619736,4.2626798770413155,0,1
LP002225,1,1,2,0,0,5391,0.0,130.0,360.0,1,1,5391.0,8.592486175451668,0.0,8.592486175451668,4.867534450455582,0,1
LP002226,1,1,0,0,0,3333,2500.0,128.0,360.0,1,1,5833.0,8.11162807830774,7.824046010856292,8.671286726753637,4.852030263919617,1,0
LP002229,1,0,0,0,0,5941,4232.0,296.0,360.0,1,1,10173.0,8.689632748355741,8.350429973538136,9.227492430793749,5.69035945432406,1,0
LP002231,0,0,0,0,0,6000,0.0,156.0,360.0,1,1,6000.0,8.699514748210191,0.0,8.699514748210191,5.049856007249537,0,1
LP002234,1,0,0,0,1,7167,0.0,128.0,360.0,1,1,7167.0,8.877242435993919,0.0,8.877242435993919,4.852030263919617,0,1
LP002236,1,1,2,0,0,4566,0.0,100.0,360.0,1,0,4566.0,8.42639282708974,0.0,8.42639282708974,4.605170185988092,0,1
LP002237,1,0,1,0,0,3667,0.0,113.0,180.0,1,1,3667.0,8.207129168071326,0.0,8.207129168071326,4.727387818712341,0,1
LP002239,1,0,0,1,0,2346,1600.0,132.0,360.0,1,1,3946.0,7.76046702921342,7.3777589082278725,8.28045768658256,4.882801922586371,1,0
LP002243,1,1,0,1,0,3010,3136.0,113.0,360.0,0,0,6146.0,8.009695357742922,8.0507033814703,8.72355674269043,4.727387818712341,0,1
LP002244,1,1,0,0,0,2333,2417.0,136.0,360.0,1,1,4750.0,7.75491027202143,7.790282380703483,8.465899897028686,4.912654885736052,0,1
LP002250,1,1,0,0,0,5488,0.0,125.0,360.0,1,1,5488.0,8.610319169405722,0.0,8.610319169405722,4.8283137373023015,0,0
LP002255,1,0,3,0,0,9167,0.0,185.0,360.0,1,1,9167.0,9.123365357961776,0.0,9.123365357961776,5.220355825078324,0,0
LP002262,1,1,3,0,0,9504,0.0,275.0,360.0,1,1,9504.0,9.159468041602427,0.0,9.159468041602427,5.616771097666572,0,0
LP002263,1,1,0,0,0,2583,2115.0,120.0,360.0,1,1,4698.0,7.8567067930958405,7.656810091480378,8.454892165218858,4.787491742782046,0,1
LP002265,1,1,2,1,0,1993,1625.0,113.0,180.0,1,1,3618.0,7.597396320212795,7.393263094763838,8.193676665955241,4.727387818712341,1,0
LP002266,1,1,2,0,0,3100,1400.0,113.0,360.0,1,1,4500.0,8.039157390473237,7.24422751560335,8.411832675758411,4.727387818712341,0,1
LP002272,1,1,2,0,0,3276,484.0,135.0,360.0,1,1,3760.0,8.09437844497296,6.182084906716632,8.23217423638394,4.90527477843843,1,0
LP002277,0,0,0,0,0,3180,0.0,71.0,360.0,0,0,3180.0,8.064636475774222,0.0,8.064636475774222,4.2626798770413155,0,1
LP002281,1,1,0,0,0,3033,1459.0,95.0,360.0,1,1,4492.0,8.017307507688582,7.285506548522785,8.410053315858335,4.553876891600541,0,1
LP002284,1,0,0,1,0,3902,1666.0,109.0,360.0,1,1,5568.0,8.269244521183056,7.418180822726788,8.624791202014256,4.6913478822291435,0,0
LP002287,0,0,0,0,0,1500,1800.0,103.0,360.0,0,0,3300.0,7.313220387090301,7.495541943884256,8.101677747454572,4.634728988229636,1,0
LP002288,1,1,2,1,0,2889,0.0,45.0,180.0,0,0,2889.0,7.968665700466235,0.0,7.968665700466235,3.8066624897703196,0,1
LP002296,1,0,0,1,0,2755,0.0,65.0,300.0,1,0,2755.0,7.9211727215870145,0.0,7.9211727215870145,4.174387269895637,0,0
LP002297,1,0,0,0,0,2500,20000.0,103.0,360.0,1,1,22500.0,7.824046010856292,9.903487552536127,10.021270588192511,4.634728988229636,1,0
LP002300,0,0,0,1,0,1963,0.0,53.0,360.0,1,1,1963.0,7.5822291942764615,0.0,7.5822291942764615,3.970291913552122,1,0
LP002301,0,0,0,0,1,7441,0.0,194.0,360.0,1,0,7441.0,8.914760527397261,0.0,8.914760527397261,5.267858159063328,0,0
LP002305,0,0,0,0,0,4547,0.0,115.0,360.0,1,1,4547.0,8.42222295382501,0.0,8.42222295382501,4.74493212836325,1,0
LP002308,1,1,0,1,0,2167,2400.0,115.0,360.0,1,1,4567.0,7.681099001536359,7.783224016336037,8.426611813185,4.74493212836325,0,1
LP002314,0,0,0,1,0,2213,0.0,66.0,360.0,1,1,2213.0,7.70210434005105,0.0,7.70210434005105,4.189654742026425,0,0
LP002315,1,1,1,0,0,8300,0.0,152.0,300.0,0,0,8300.0,9.02401079378469,0.0,9.02401079378469,5.0238805208462765,1,0
LP002317,1,1,3,0,0,81000,0.0,360.0,360.0,0,0,81000.0,11.302204433654575,0.0,11.302204433654575,5.886104031450156,0,0
LP002318,0,0,1,1,1,3867,0.0,62.0,360.0,1,0,3867.0,8.260234291607297,0.0,8.260234291607297,4.127134385045092,1,0
LP002319,1,1,0,0,0,6256,0.0,160.0,360.0,1,1,6256.0,8.741296282225147,0.0,8.741296282225147,5.075173815233827,0,1
LP002328,1,1,0,1,0,6096,0.0,218.0,360.0,0,0,6096.0,8.715388097366482,0.0,8.715388097366482,5.384495062789089,0,0
LP002332,1,1,0,1,0,2253,2033.0,110.0,360.0,1,1,4286.0,7.720017940432244,7.617267813628347,8.363109176033522,4.700480365792417,0,0
LP002335,0,1,0,1,0,2149,3237.0,178.0,360.0,0,0,5386.0,7.67275789664251,8.082402253926244,8.591558273371545,5.181783550292085,1,0
LP002337,0,0,0,0,0,2995,0.0,60.0,360.0,1,1,2995.0,8.00469951054955,0.0,8.00469951054955,4.0943445622221,0,1
LP002341,0,0,1,0,0,2600,0.0,160.0,360.0,1,0,2600.0,7.8632667240095735,0.0,7.8632667240095735,5.075173815233827,0,1
LP002342,1,1,2,0,1,1600,20000.0,239.0,360.0,1,0,21600.0,7.3777589082278725,9.903487552536127,9.980448593672257,5.476463551931511,0,1
LP002345,1,1,0,0,0,1025,2773.0,112.0,360.0,1,1,3798.0,6.932447891572509,7.927685045615778,8.242229891372231,4.718498871295094,0,0
LP002347,1,1,0,0,0,3246,1417.0,138.0,360.0,1,1,4663.0,8.085178748074537,7.256297239690681,8.44741429680832,4.927253685157205,1,0
LP002348,1,1,0,0,0,5829,0.0,138.0,360.0,1,1,5829.0,8.67060073804555,0.0,8.67060073804555,4.927253685157205,0,0
LP002357,0,0,0,1,0,2720,0.0,80.0,360.0,0,0,2720.0,7.908387159290043,0.0,7.908387159290043,4.382026634673881,0,1
LP002361,1,1,0,0,0,1820,1719.0,100.0,360.0,1,1,3539.0,7.506591780070841,7.449498005382849,8.171599480345463,4.605170185988092,0,1
LP002362,1,1,1,0,0,7250,1667.0,110.0,360.0,0,0,8917.0,8.88875674784872,7.418780882750794,9.095714846134879,4.700480365792417,0,1
LP002364,1,1,0,0,0,14880,0.0,96.0,360.0,1,1,14880.0,9.607773308387083,0.0,9.607773308387083,4.564348191467836,1,0
LP002366,1,1,0,0,0,2666,4300.0,121.0,360.0,1,1,6966.0,7.888334500738654,8.366370301681654,8.848796450925947,4.795790545596741,0,0
LP002367,0,0,1,1,0,4606,0.0,81.0,360.0,1,0,4606.0,8.43511508038063,0.0,8.43511508038063,4.394449154672439,0,0
LP002368,1,1,2,0,0,5935,0.0,133.0,360.0,1,1,5935.0,8.688622307043769,0.0,8.688622307043769,4.890349128221754,1,0
LP002369,1,1,0,0,0,2920,16.12000084,87.0,360.0,1,1,2936.12000084,7.979338895262328,2.780060789187662,7.984844261119869,4.465908118654584,0,0
LP002370,1,0,0,1,0,2717,0.0,60.0,180.0,1,1,2717.0,7.907283609426348,0.0,7.907283609426348,4.0943445622221,0,1
LP002377,0,0,1,0,1,8624,0.0,150.0,360.0,1,1,8624.0,9.06230429314878,0.0,9.06230429314878,5.0106352940962555,1,0
LP002379,1,0,0,0,0,6500,0.0,105.0,360.0,0,0,6500.0,8.779557455883728,0.0,8.779557455883728,4.653960350157523,0,0
LP002386,1,0,0,0,0,12876,0.0,405.0,360.0,1,1,12876.0,9.463120392418698,0.0,9.463120392418698,6.003887067106539,1,0
LP002387,1,1,0,0,0,2425,2340.0,143.0,360.0,1,1,4765.0,7.793586803371584,7.757906208351747,8.469052816088302,4.962844630259907,1,0
LP002390,1,0,0,0,0,3750,0.0,100.0,360.0,1,1,3750.0,8.229511118964457,0.0,8.229511118964457,4.605170185988092,0,1
LP002393,0,1,0,0,0,10047,0.0,130.0,240.0,1,1,10047.0,9.215029361462314,0.0,9.215029361462314,4.867534450455582,1,0
LP002398,1,0,0,0,0,1926,1851.0,50.0,360.0,1,1,3777.0,7.563200592358071,7.523481312573497,8.236685322712457,3.912023005428146,1,0
LP002401,1,1,0,0,0,2213,1125.0,130.0,360.0,1,1,3338.0,7.70210434005105,7.025538314638521,8.11312710422178,4.867534450455582,0,1
LP002403,1,0,0,0,1,10416,0.0,187.0,360.0,0,0,10416.0,9.251098364448351,0.0,9.251098364448351,5.231108616854587,0,1
LP002407,0,1,0,1,1,7142,0.0,138.0,360.0,1,1,7142.0,8.873748128154395,0.0,8.873748128154395,4.927253685157205,0,0
LP002408,1,0,0,0,0,3660,5064.0,187.0,360.0,1,1,8724.0,8.205218426395412,8.529911963824013,9.07383312732152,5.231108616854587,1,0
LP002409,1,1,0,0,0,7901,1833.0,180.0,360.0,1,1,9734.0,8.974744612722734,7.513709247839705,9.1833801903934,5.19295685089021,0,0
LP002418,1,0,3,1,0,4707,1993.0,148.0,360.0,1,1,6700.0,8.456806041401142,7.597396320212795,8.809862805379057,4.997212273764115,1,0
LP002422,1,0,1,0,0,37719,0.0,152.0,360.0,1,1,37719.0,10.537919225261291,0.0,10.537919225261291,5.0238805208462765,1,0
LP002424,1,1,0,0,0,7333,8333.0,175.0,300.0,1,1,15666.0,8.9001399880938,9.027978814382207,9.659248037927183,5.1647859739235145,0,0
LP002429,1,1,1,0,1,3466,1210.0,130.0,360.0,1,1,4676.0,8.150756470275551,7.098375638590786,8.450198322591959,4.867534450455582,0,0
LP002434,1,1,2,1,0,4652,0.0,110.0,360.0,1,1,4652.0,8.445052513638554,0.0,8.445052513638554,4.700480365792417,0,0
LP002435,1,1,0,0,0,3539,1376.0,55.0,360.0,1,0,4915.0,8.171599480345463,7.226936018493289,8.500047032581268,4.007333185232471,0,0
LP002443,1,1,2,0,0,3340,1710.0,150.0,360.0,0,0,5050.0,8.113726085970747,7.444248649496705,8.527143522269405,5.0106352940962555,0,0
LP002444,1,0,1,1,1,2769,1542.0,190.0,360.0,1,0,4311.0,7.926241523170962,7.340835554123275,8.368925174747135,5.247024072160486,1,0
LP002446,1,1,2,1,0,2309,1255.0,125.0,360.0,0,0,3564.0,7.744569809354496,7.134890851565884,8.1786387885907,4.8283137373023015,0,0
LP002447,1,1,2,1,0,1958,1456.0,60.0,300.0,1,1,3414.0,7.579678823090456,7.283448228756631,8.135639903354386,4.0943445622221,0,1
LP002448,1,1,0,0,0,3948,1733.0,149.0,360.0,0,0,5681.0,8.280964400553373,7.457609289715606,8.644882552557126,5.003946305945459,0,0
LP002449,1,1,0,0,0,2483,2466.0,90.0,180.0,0,1,4949.0,7.817222785508166,7.81035268372429,8.506940814951886,4.499809670330265,0,0
LP002453,1,0,0,0,1,7085,0.0,84.0,360.0,1,1,7085.0,8.865735152124781,0.0,8.865735152124781,4.430816798843313,1,0
LP002455,1,1,2,0,0,3859,0.0,96.0,360.0,1,1,3859.0,8.258163361537619,0.0,8.258163361537619,4.564348191467836,1,0
LP002459,1,1,0,0,0,4301,0.0,118.0,360.0,1,1,4301.0,8.366602832783736,0.0,8.366602832783736,4.770684624465665,0,1
LP002467,1,1,0,0,0,3708,2569.0,173.0,360.0,1,0,6277.0,8.218247926685745,7.851271997109883,8.744647438317532,5.153291594497779,0,1
LP002472,1,0,2,0,0,4354,0.0,136.0,360.0,1,1,4354.0,8.378850241794492,0.0,8.378850241794492,4.912654885736052,0,0
LP002473,1,1,0,0,0,8334,0.0,160.0,360.0,1,0,8334.0,9.0280988119824,0.0,9.0280988119824,5.075173815233827,1,0
LP002478,1,1,0,0,1,2083,4083.0,160.0,360.0,1,1,6166.0,7.641564441260972,8.314587291319576,8.726805608446096,5.075173815233827,1,0
LP002484,1,1,3,0,0,7740,0.0,128.0,180.0,1,1,7740.0,8.954156966583772,0.0,8.954156966583772,4.852030263919617,0,1
LP002487,1,1,0,0,0,3015,2188.0,153.0,360.0,1,1,5203.0,8.011355109161286,7.690743163541872,8.556990661290303,5.030437921392435,0,0
LP002489,0,0,1,1,0,5191,0.0,132.0,360.0,1,1,5191.0,8.55468163582723,0.0,8.55468163582723,4.882801922586371,1,0
LP002493,1,0,0,0,0,4166,0.0,98.0,360.0,0,0,4166.0,8.334711621820917,0.0,8.334711621820917,4.584967478670572,1,0
LP002494,1,0,0,0,0,6000,0.0,140.0,360.0,1,1,6000.0,8.699514748210191,0.0,8.699514748210191,4.941642422609304,0,0
LP002500,1,1,3,1,0,2947,1664.0,70.0,180.0,0,0,4611.0,7.988542982737695,7.416979621381154,8.436200032206706,4.248495242049359,0,1
LP002501,1,1,0,0,0,16692,0.0,110.0,360.0,1,1,16692.0,9.722684841711443,0.0,9.722684841711443,4.700480365792417,1,0
LP002502,0,1,2,1,0,210,2917.0,98.0,360.0,1,1,3127.0,5.3471075307174685,7.978310969867722,8.047829357457841,4.584967478670572,1,0
LP002505,1,1,0,0,0,4333,2451.0,110.0,360.0,1,0,6784.0,8.374015421739909,7.804251383528112,8.822322177471738,4.700480365792417,0,1
LP002515,1,1,1,0,1,3450,2079.0,162.0,360.0,1,1,5529.0,8.146129510025405,7.639642287858013,8.617762246337932,5.087596335232384,1,0
LP002517,1,1,1,1,0,2653,1500.0,113.0,180.0,0,0,4153.0,7.88344635413774,7.313220387090301,8.331586243630754,4.727387818712341,0,0
LP002519,1,1,3,0,0,4691,0.0,100.0,360.0,1,1,4691.0,8.453401058328458,0.0,8.453401058328458,4.605170185988092,1,0
LP002522,0,0,0,0,1,2500,0.0,93.0,360.0,1,1,2500.0,7.824046010856292,0.0,7.824046010856292,4.532599493153256,0,1
LP002524,1,0,2,0,0,5532,4648.0,162.0,360.0,1,1,10180.0,8.61830469278465,8.444192298531748,9.228180290104513,5.087596335232384,0,0
LP002527,1,1,2,0,1,16525,1014.0,150.0,360.0,1,1,17539.0,9.712629664719888,6.921658184151129,9.772182251758139,5.0106352940962555,0,0
LP002529,1,1,2,0,0,6700,1750.0,230.0,300.0,1,1,8450.0,8.809862805379057,7.4673710669175595,9.041921720351219,5.438079308923196,1,0
LP002530,1,1,2,0,0,2873,1872.0,132.0,360.0,0,0,4745.0,7.96311205897929,7.534762657037537,8.464846711044029,4.882801922586371,1,0
LP002531,1,1,1,0,1,16667,2250.0,86.0,360.0,1,1,18917.0,9.721185995542177,7.718685495198466,9.847816267665664,4.454347296253507,1,0
LP002533,1,1,2,0,0,2947,1603.0,130.0,360.0,1,0,4550.0,7.988542982737695,7.3796321526095525,8.422882511944996,4.867534450455582,0,1
LP002534,0,0,0,1,0,4350,0.0,154.0,360.0,1,1,4350.0,8.37793112408273,0.0,8.37793112408273,5.0369526024136295,0,0
LP002536,1,1,3,1,0,3095,0.0,113.0,360.0,1,1,3095.0,8.037543185118697,0.0,8.037543185118697,4.727387818712341,0,0
LP002537,1,1,0,0,0,2083,3150.0,128.0,360.0,1,1,5233.0,7.641564441260972,8.055157731819678,8.562740006372207,4.852030263919617,1,0
LP002541,1,1,0,0,0,10833,0.0,234.0,360.0,1,1,10833.0,9.290352309945568,0.0,9.290352309945568,5.455321115357702,1,0
LP002543,1,1,2,0,0,8333,0.0,246.0,360.0,1,1,8333.0,9.027978814382207,0.0,9.027978814382207,5.5053315359323625,1,0
LP002544,1,1,1,1,0,1958,2436.0,131.0,360.0,1,1,4394.0,7.579678823090456,7.798112628829788,8.387995252944556,4.875197323201151,0,0
LP002545,1,0,2,0,0,3547,0.0,80.0,360.0,0,0,3547.0,8.173857454773621,0.0,8.173857454773621,4.382026634673881,0,0
LP002547,1,1,1,0,0,18333,0.0,500.0,360.0,1,0,18333.0,9.816457993563025,0.0,9.816457993563025,6.214608098422191,0,1
LP002555,1,1,2,0,1,4583,2083.0,160.0,360.0,1,1,6666.0,8.430109084509125,7.641564441260972,8.804775258867686,5.075173815233827,1,0
LP002556,1,0,0,0,0,2435,0.0,75.0,360.0,1,0,2435.0,7.79770203551669,0.0,7.79770203551669,4.31748811353631,0,1
LP002560,1,0,0,1,0,2699,2785.0,96.0,360.0,1,1,5484.0,7.900636613018005,7.932003152361385,8.609590040682205,4.564348191467836,1,0
LP002562,1,1,1,1,0,5333,1131.0,186.0,360.0,1,1,6464.0,8.581669210600602,7.030857476116121,8.774003600200931,5.225746673713202,0,1
LP002571,1,0,0,1,0,3691,0.0,110.0,360.0,1,1,3691.0,8.213652703029998,0.0,8.213652703029998,4.700480365792417,0,0
LP002582,0,0,0,1,1,17263,0.0,225.0,360.0,1,1,17263.0,9.756320761816548,0.0,9.756320761816548,5.41610040220442,1,0
LP002585,1,1,0,0,0,3597,2157.0,119.0,360.0,0,0,5754.0,8.187855443695623,7.676473646389156,8.657650544111494,4.77912349311153,0,0
LP002586,0,1,1,0,0,3326,913.0,105.0,84.0,1,1,4239.0,8.109525659752872,6.816735880594968,8.352082671352637,4.653960350157523,1,0
LP002587,1,1,0,1,0,2600,1700.0,107.0,360.0,1,1,4300.0,7.8632667240095735,7.438383530044307,8.366370301681654,4.672828834461906,0,0
LP002588,1,1,0,0,0,4625,2857.0,111.0,12.0,1,1,7482.0,8.439231649946526,7.957527402230773,8.920255414908091,4.709530201312334,0,1
LP002600,1,1,1,0,1,2895,0.0,95.0,360.0,1,1,2895.0,7.970740390007095,0.0,7.970740390007095,4.553876891600541,1,0
LP002602,1,0,0,0,0,6283,4416.0,209.0,360.0,0,0,10699.0,8.745602852402946,8.392989587956931,9.277905558138606,5.342334251964811,0,0
LP002603,0,0,0,0,0,645,3683.0,113.0,480.0,1,1,4328.0,6.4692503167957724,8.211482916445066,8.372860820526318,4.727387818712341,0,0
LP002606,0,0,0,0,0,3159,0.0,100.0,360.0,1,1,3159.0,8.058010800802085,0.0,8.058010800802085,4.605170185988092,1,0
LP002615,1,1,2,0,0,4865,5624.0,208.0,360.0,1,1,10489.0,8.489821994620105,8.6347984334905,9.258082367961604,5.337538079701318,1,0
LP002618,1,1,1,1,0,4050,5302.0,138.0,360.0,1,0,9352.0,8.306472160100585,8.57583938684897,9.143345503151904,4.927253685157205,0,0
LP002619,1,1,0,1,0,3814,1483.0,124.0,300.0,1,1,5297.0,8.246433786160365,7.301822342137932,8.574895901544526,4.820281565605037,1,0
LP002622,1,1,2,0,0,3510,4416.0,243.0,360.0,1,1,7926.0,8.163371316459912,8.392989587956931,8.97790377375038,5.493061443340548,0,0
LP002624,1,1,0,0,0,20833,6667.0,480.0,360.0,1,1,27500.0,9.944293546928382,8.80492526261806,10.221941283654663,6.173786103901937,0,1
LP002625,1,0,0,0,0,3583,0.0,96.0,360.0,1,0,3583.0,8.183955717304954,0.0,8.183955717304954,4.564348191467836,0,1
LP002626,1,1,0,0,1,2479,3013.0,188.0,360.0,1,1,5492.0,7.8156105320351905,8.0106915391303,8.61104776688786,5.236441962829949,0,1
LP002634,0,0,1,0,0,13262,0.0,40.0,360.0,1,1,13262.0,9.492658081928813,0.0,9.492658081928813,3.6888794541139363,0,1
LP002637,1,0,0,1,0,3598,1287.0,100.0,360.0,1,0,4885.0,8.188133414510478,7.160069207596127,8.493924564476883,4.605170185988092,0,0
LP002640,1,1,1,0,0,6065,2004.0,250.0,360.0,1,1,8069.0,8.71028982137815,7.602900462204755,8.995784837848506,5.521460917862246,1,0
LP002643,1,1,2,0,0,3283,2035.0,148.0,360.0,1,1,5318.0,8.096512917501594,7.618251097876695,8.578852571802965,4.997212273764115,0,1
LP002648,1,1,0,0,0,2130,6666.0,70.0,180.0,1,0,8796.0,7.6638772587034705,8.804775258867686,9.082052351674651,4.248495242049359,1,0
LP002652,1,0,0,0,0,5815,3666.0,311.0,360.0,1,0,9481.0,8.668196064952765,8.20685642839965,9.15704507491796,5.739792912179234,0,0
LP002659,1,1,3,0,0,3466,3428.0,150.0,360.0,1,1,6894.0,8.150756470275551,8.13973227971767,8.83840674707681,5.0106352940962555,0,0
LP002670,0,1,2,0,0,2031,1632.0,113.0,480.0,1,1,3663.0,7.616283561580385,7.397561535524052,8.206037762778815,4.727387818712341,1,0
LP002682,1,1,0,1,0,3074,1800.0,123.0,360.0,0,0,4874.0,8.03073492409854,7.495541943884256,8.491670234185152,4.812184355372417,1,0
LP002683,1,0,0,0,0,4683,1915.0,185.0,360.0,1,0,6598.0,8.451694209183541,7.557472901614746,8.794521851788527,5.220355825078324,1,0
LP002684,0,0,0,1,0,3400,0.0,95.0,360.0,1,0,3400.0,8.131530710604252,0.0,8.131530710604252,4.553876891600541,0,0
LP002689,1,1,2,1,0,2192,1742.0,45.0,360.0,1,1,3934.0,7.692569648067906,7.462789157412448,8.277411998949004,3.8066624897703196,1,0
LP002690,1,0,0,0,0,2500,0.0,55.0,360.0,1,1,2500.0,7.824046010856292,0.0,7.824046010856292,4.007333185232471,1,0
LP002692,1,1,3,0,1,5677,1424.0,100.0,360.0,1,1,7101.0,8.644178203170727,7.261225091971921,8.867990898182093,4.605170185988092,0,0
LP002693,1,1,2,0,1,7948,7166.0,480.0,360.0,1,1,15114.0,8.980675603671708,8.8771028978649,9.623376745580666,6.173786103901937,0,0
LP002697,1,0,0,0,0,4680,2087.0,130.0,360.0,1,0,6767.0,8.451053388911692,7.643482907077201,8.819813136232225,4.867534450455582,1,0
LP002699,1,1,2,0,1,17500,0.0,400.0,360.0,1,1,17500.0,9.769956159911606,0.0,9.769956159911606,5.991464547107982,0,0
LP002705,1,1,0,0,0,3775,0.0,110.0,360.0,1,1,3775.0,8.236155661683124,0.0,8.236155661683124,4.700480365792417,1,0
LP002706,1,1,1,1,0,5285,1430.0,161.0,360.0,0,1,6715.0,8.572627898304338,7.265429723253953,8.812099108957337,5.081404364984463,1,0
LP002714,1,0,1,1,0,2679,1302.0,94.0,360.0,1,1,3981.0,7.893198869544609,7.171656822768514,8.289288323000317,4.543294782270004,1,0
LP002716,1,0,0,1,0,6783,0.0,130.0,360.0,1,1,6783.0,8.82217476094608,0.0,8.82217476094608,4.867534450455582,1,0
LP002717,1,1,0,0,0,1025,5500.0,216.0,360.0,1,1,6525.0,6.932447891572509,8.612503371220562,8.783396232190894,5.375278407684165,0,0
LP002720,1,1,3,0,0,4281,0.0,100.0,360.0,1,1,4281.0,8.361941906144946,0.0,8.361941906144946,4.605170185988092,0,1
LP002723,1,0,2,0,0,3588,0.0,110.0,360.0,0,0,3588.0,8.185350223178686,0.0,8.185350223178686,4.700480365792417,0,0
LP002729,1,0,1,0,0,11250,0.0,196.0,360.0,1,0,11250.0,9.328123407632566,0.0,9.328123407632566,5.278114659230517,1,0
LP002731,0,0,0,1,1,18165,0.0,125.0,360.0,1,1,18165.0,9.807251944655302,0.0,9.807251944655302,4.8283137373023015,0,1
LP002732,1,0,0,1,0,2550,2042.0,126.0,360.0,1,1,4592.0,7.843848638152472,7.621684998724611,8.432070937999402,4.836281906951478,0,0
LP002734,1,1,0,0,0,6133,3906.0,324.0,360.0,1,1,10039.0,8.721439305625983,8.270269111436624,9.214232786691527,5.780743515792329,0,1
LP002738,1,0,2,0,0,3617,0.0,107.0,360.0,1,1,3617.0,8.193400231952097,0.0,8.193400231952097,4.672828834461906,1,0
LP002739,1,1,0,1,0,2917,536.0,66.0,360.0,1,0,3453.0,7.978310969867722,6.284134161070802,8.146998697389993,4.189654742026425,0,0
LP002740,1,1,3,0,0,6417,0.0,157.0,180.0,1,1,6417.0,8.766705997750515,0.0,8.766705997750515,5.056245805348308,0,0
LP002741,0,1,1,0,0,4608,2845.0,140.0,180.0,1,1,7453.0,8.435549202375727,7.953318346560431,8.916371914881694,4.941642422609304,1,0
LP002743,0,0,0,0,0,2138,0.0,99.0,360.0,0,0,2138.0,7.6676260915849905,0.0,7.6676260915849905,4.59511985013459,1,0
LP002753,0,0,1,0,0,3652,0.0,95.0,360.0,1,1,3652.0,8.20303024171486,0.0,8.20303024171486,4.553876891600541,1,0
LP002755,1,1,1,1,0,2239,2524.0,128.0,360.0,1,1,4763.0,7.713784616598755,7.8336002236611035,8.46863300080086,4.852030263919617,0,1
LP002757,0,1,0,1,0,3017,663.0,102.0,360.0,1,1,3680.0,8.012018239159062,6.4967749901858625,8.210668031162976,4.624972813284271,1,0
LP002767,1,1,0,0,0,2768,1950.0,155.0,360.0,1,1,4718.0,7.92588031673756,7.575584651557793,8.45914025996762,5.043425116919247,0,0
LP002768,1,0,0,1,0,3358,0.0,80.0,36.0,1,0,3358.0,8.119100837637486,0.0,8.119100837637486,4.382026634673881,1,0
LP002772,1,0,0,0,0,2526,1783.0,145.0,360.0,1,1,4309.0,7.8343923029104365,7.48605261786314,8.368461137615839,4.976733742420574,0,0
LP002776,0,0,0,0,0,5000,0.0,103.0,360.0,0,0,5000.0,8.517193191416238,0.0,8.517193191416238,4.634728988229636,1,0
LP002777,1,1,0,0,0,2785,2016.0,110.0,360.0,1,1,4801.0,7.932003152361385,7.60887062919126,8.476579508530941,4.700480365792417,0,0
LP002778,1,1,2,0,1,6633,0.0,157.5,360.0,0,0,6633.0,8.799812469525556,0.0,8.799812469525556,5.059425458265688,0,0
LP002784,1,1,1,1,0,2492,2375.0,113.0,360.0,1,1,4867.0,7.820840879907344,7.772752716468742,8.490233009833455,4.727387818712341,0,0
LP002785,1,1,1,0,0,3333,3250.0,158.0,360.0,1,1,6583.0,8.11162807830774,8.086410275323782,8.792245847467877,5.062595033026967,0,1
LP002788,1,1,0,1,0,2454,2333.0,181.0,360.0,0,0,4787.0,7.805474625270857,7.75491027202143,8.473659189392508,5.198497031265826,0,1
LP002789,1,1,0,0,0,3593,4266.0,132.0,180.0,0,0,7859.0,8.186742787113518,8.358431899031295,8.969414650866176,4.882801922586371,0,0
LP002792,1,1,1,0,0,5468,1032.0,26.0,360.0,1,1,6500.0,8.60666819784384,6.939253946041508,8.779557455883728,3.258096538021482,1,0
LP002794,0,0,0,0,0,2667,1625.0,84.0,360.0,1,1,4292.0,7.888709524182015,7.393263094763838,8.36450810375059,4.430816798843313,0,1
LP002795,1,1,3,0,1,10139,0.0,260.0,360.0,1,1,10139.0,9.22414465295258,0.0,9.22414465295258,5.560681631015528,1,0
LP002798,1,1,0,0,0,3887,2669.0,162.0,360.0,1,1,6556.0,8.265392930852224,7.889459149404524,8.78813593986372,5.087596335232384,1,0
LP002804,0,1,0,0,0,4180,2306.0,182.0,360.0,1,1,6486.0,8.338066525518801,7.743269700829004,8.777401286867264,5.204006687076795,1,0
LP002807,1,1,2,1,0,3675,242.0,108.0,360.0,1,1,3917.0,8.209308411646937,5.488937726156687,8.27308133366583,4.68213122712422,1,0
LP002813,0,1,1,0,1,19484,0.0,600.0,360.0,1,1,19484.0,9.877348894926433,0.0,9.877348894926433,6.396929655216146,1,0
LP002820,1,1,0,0,0,5923,2054.0,211.0,360.0,1,1,7977.0,8.686598356276965,7.627544390488503,8.984317679911129,5.351858133476067,0,0
LP002821,1,0,0,1,1,5800,0.0,132.0,360.0,1,1,5800.0,8.66561319653451,0.0,8.66561319653451,4.882801922586371,1,0
LP002832,1,1,2,0,0,8799,0.0,258.0,360.0,0,0,8799.0,9.08239335764556,0.0,9.08239335764556,5.552959584921617,0,1
LP002833,1,1,0,1,0,4467,0.0,120.0,360.0,1,1,4467.0,8.404472321352118,0.0,8.404472321352118,4.787491742782046,0,0
LP002836,1,0,0,0,0,3333,0.0,70.0,360.0,1,1,3333.0,8.11162807830774,0.0,8.11162807830774,4.248495242049359,0,1
LP002837,1,1,3,0,0,3400,2500.0,123.0,360.0,0,0,5900.0,8.131530710604252,7.824046010856292,8.68270762989381,4.812184355372417,0,0
LP002840,0,0,0,0,0,2378,0.0,9.0,360.0,1,0,2378.0,7.774015077250727,0.0,7.774015077250727,2.1972245773362196,0,1
LP002841,1,1,0,0,0,3166,2064.0,104.0,360.0,0,0,5230.0,8.060224240440958,7.6324011266014535,8.56216655705897,4.6443908991413725,0,1
LP002842,1,1,1,0,0,3417,1750.0,186.0,360.0,1,1,5167.0,8.136518252115291,7.4673710669175595,8.550047528287184,5.225746673713202,0,1
LP002847,1,1,0,0,0,5116,1451.0,165.0,360.0,0,0,6567.0,8.540128162698734,7.280008252884188,8.789812386190972,5.10594547390058,0,1
LP002855,1,1,2,0,0,16666,0.0,275.0,360.0,1,1,16666.0,9.721125994942152,0.0,9.721125994942152,5.616771097666572,0,1
LP002862,1,1,2,1,0,6125,1625.0,187.0,480.0,1,0,7750.0,8.720134035412928,7.393263094763838,8.955448122347393,5.231108616854587,1,0
LP002863,1,1,3,0,0,6406,0.0,150.0,360.0,1,0,6406.0,8.764990330169104,0.0,8.764990330169104,5.0106352940962555,1,0
LP002868,1,1,2,0,0,3159,461.0,108.0,84.0,1,1,3620.0,8.058010800802085,6.133398042996649,8.194229304819817,4.68213122712422,0,1
LP002872,1,1,0,0,0,3087,2210.0,136.0,360.0,0,0,5297.0,8.034955024502159,7.700747794511798,8.574895901544526,4.912654885736052,1,0
LP002874,1,0,0,0,0,3229,2739.0,110.0,360.0,1,1,5968.0,8.079927770758275,7.915348169263078,8.694167141883597,4.700480365792417,0,1
LP002877,1,1,1,0,0,1782,2232.0,107.0,360.0,1,1,4014.0,7.485491608030754,7.710653323501202,8.297543529356284,4.672828834461906,0,0
LP002888,1,0,0,0,0,3182,2917.0,161.0,360.0,1,1,6099.0,8.065265208897733,7.978310969867722,8.715880102296456,5.081404364984463,0,1
LP002892,1,1,2,0,0,6540,0.0,205.0,360.0,1,1,6540.0,8.785692444451245,0.0,8.785692444451245,5.3230099791384085,1,0
LP002893,1,0,0,0,0,1836,33837.0,90.0,360.0,1,0,35673.0,7.515344571180436,10.429310157308027,10.482149379105689,4.499809670330265,0,1
LP002894,0,1,0,0,0,3166,0.0,36.0,360.0,1,1,3166.0,8.060224240440958,0.0,8.060224240440958,3.58351893845611,1,0
LP002898,1,1,1,0,0,1880,0.0,61.0,360.0,1,0,1880.0,7.539027055823995,0.0,7.539027055823995,4.110873864173311,0,0
LP002911,1,1,1,0,0,2787,1917.0,146.0,360.0,0,0,4704.0,7.932721027481948,7.558516743045645,8.456168489578463,4.983606621708336,0,0
LP002912,1,1,1,0,0,4283,3000.0,172.0,84.0,1,0,7283.0,8.36240897761537,8.006367567650246,8.893298144217916,5.147494476813453,0,0
LP002916,1,1,0,0,0,2297,1522.0,104.0,360.0,1,1,3819.0,7.739359202689098,7.3277805384216315,8.247743887225516,4.6443908991413725,0,1
LP002917,0,0,0,1,0,2165,0.0,70.0,360.0,1,1,2165.0,7.68017564043659,0.0,7.68017564043659,4.248495242049359,1,0
LP002925,1,0,0,0,0,4750,0.0,94.0,360.0,1,1,4750.0,8.465899897028686,0.0,8.465899897028686,4.543294782270004,1,0
LP002926,1,1,2,0,1,2726,0.0,106.0,360.0,0,0,2726.0,7.9105906122564775,0.0,7.9105906122564775,4.663439094112067,1,0
LP002928,1,1,0,0,0,3000,3416.0,56.0,180.0,1,1,6416.0,8.006367567650246,8.13622555490846,8.766550149546351,4.02535169073515,1,0
LP002931,1,1,2,0,1,6000,0.0,205.0,240.0,1,0,6000.0,8.699514748210191,0.0,8.699514748210191,5.3230099791384085,1,0
LP002933,1,0,3,0,1,9357,0.0,292.0,360.0,1,1,9357.0,9.143880005275912,0.0,9.143880005275912,5.676753802268282,1,0
LP002936,1,1,0,0,0,3859,3300.0,142.0,180.0,1,1,7159.0,8.258163361537619,8.101677747454572,8.876125585396185,4.955827057601261,0,0
LP002938,1,1,0,0,1,16120,0.0,260.0,360.0,1,1,16120.0,9.68781601606062,0.0,9.68781601606062,5.560681631015528,0,1
LP002940,1,0,0,1,0,3833,0.0,110.0,360.0,1,1,3833.0,8.251403065380556,0.0,8.251403065380556,4.700480365792417,0,0
LP002941,1,1,2,1,1,6383,1000.0,187.0,360.0,1,0,7383.0,8.761393485256058,6.907755278982137,8.906935339059165,5.231108616854587,0,0
LP002943,1,0,0,0,0,2987,0.0,88.0,360.0,0,0,2987.0,8.00202481821611,0.0,8.00202481821611,4.477336814478207,1,0
LP002945,1,1,0,0,1,9963,0.0,180.0,360.0,1,1,9963.0,9.206633510044856,0.0,9.206633510044856,5.19295685089021,0,0
LP002948,1,1,2,0,0,5780,0.0,192.0,360.0,1,1,5780.0,8.662158961666423,0.0,8.662158961666423,5.2574953720277815,0,1
LP002949,0,0,3,0,0,416,41667.0,350.0,180.0,1,0,42083.0,6.030685260261263,10.637464727584328,10.647399137646048,5.857933154483459,0,1
LP002950,1,1,0,1,0,2894,2792.0,155.0,360.0,1,1,5686.0,7.970394907191429,7.934513463882263,8.645762292210945,5.043425116919247,0,0
LP002953,1,1,3,0,0,5703,0.0,128.0,360.0,1,1,5703.0,8.648747631156539,0.0,8.648747631156539,4.852030263919617,0,1
LP002958,1,0,0,0,0,3676,4301.0,172.0,360.0,1,1,7977.0,8.209580483475577,8.366602832783736,8.984317679911129,5.147494476813453,0,0
LP002959,0,1,1,0,0,12000,0.0,496.0,360.0,1,1,12000.0,9.392661928770137,0.0,9.392661928770137,6.206575926724928,1,0
LP002960,1,1,0,1,0,2400,3800.0,113.0,180.0,1,0,6200.0,7.783224016336037,8.242756345714477,8.732304571033183,4.727387818712341,0,1
LP002961,1,1,1,0,0,3400,2500.0,173.0,360.0,1,1,5900.0,8.131530710604252,7.824046010856292,8.68270762989381,5.153291594497779,1,0
LP002964,1,1,2,1,0,3987,1411.0,157.0,360.0,1,1,5398.0,8.290794347381356,7.252053951852814,8.59378379357795,5.056245805348308,0,0
LP002974,1,1,0,0,0,3232,1950.0,108.0,360.0,1,1,5182.0,8.080856419640986,7.575584651557793,8.552946361122055,4.68213122712422,0,0
LP002978,0,0,0,0,0,2900,0.0,71.0,360.0,1,1,2900.0,7.9724660159745655,0.0,7.9724660159745655,4.2626798770413155,0,0
LP002979,1,1,3,0,0,4106,0.0,40.0,180.0,1,1,4106.0,8.32020459757888,0.0,8.32020459757888,3.6888794541139363,0,0
LP002983,1,1,1,0,0,8072,240.0,253.0,360.0,1,1,8312.0,8.996156562033445,5.480638923341991,9.025455532779063,5.53338948872752,0,1
LP002984,1,1,2,0,0,7583,0.0,187.0,360.0,1,1,7583.0,8.933664178700935,0.0,8.933664178700935,5.231108616854587,0,1
LP002990,0,0,0,0,1,4583,0.0,133.0,360.0,0,0,4583.0,8.430109084509125,0.0,8.430109084509125,4.890349128221754,1,0
